id,domain,status,purchase_price,renewal_price,attractiveness,demand,length,registrar,created_at,expires_at,status_verified_at
750cb7f6-a47a-45d2-90d0-e5b6167d702d,laudable.baby,available,1.8,81.98,high,low,8,namecheap,,,06/08/2026 07:01
0955f62e-3dcf-47ed-8737-7499174b647c,mystified.baby,available,1.8,81.98,medium,low,9,namecheap,,,24/08/2026 21:32
666b272e-0bed-49ec-8bad-aa3e4c694d2d,antares.baby,available,17.99,54.99,high,low,7,namesilo,,,19/09/2026 12:34
6354691a-a1eb-41e0-9594-0ca5dcbbb262,crazed.baby,available,1.8,81.98,medium,low,6,namecheap,,,13/08/2026 05:31
528fb09e-a8b3-45a2-890f-9b51f3b782aa,mitral.baby,available,1.8,81.98,medium,low,6,namecheap,,,25/08/2026 02:10
93831109-4f1b-48d9-af55-5fcd05270d28,splitting.baby,available,1.8,81.98,high,low,9,namecheap,,,09/09/2026 14:01
d3e9e2a4-9e65-4b17-b236-e6537a0ef138,observation.baby,available,17.99,54.99,high,low,11,namesilo,,,26/09/2026 00:49
7f2e8b71-06b8-4ee0-aefb-c9d0458c9ea7,dew.baby,available,17.99,54.99,high,low,3,namesilo,,,25/09/2026 09:23
35530b05-5acf-4e2d-a415-c6d47e9c7139,roseola.baby,available,1.8,81.98,high,medium,7,namecheap,,,09/09/2026 10:27
6a770f6e-55b9-4aab-9507-5a183b5635b1,commodious.baby,available,1.8,81.98,high,low,10,namecheap,,,12/08/2026 19:10
dceb1360-852c-4ba9-8784-af5a91df357b,analyzable.baby,available,1.8,81.98,medium,low,10,namecheap,,,
9582a9f7-3096-4981-8db4-4245c180e0bf,chapstick.baby,available,17.99,54.99,high,low,9,namesilo,,,
bbe1933d-1d9e-4420-8985-72778dcfe9b0,occasion.baby,available,17.99,54.99,high,low,8,namesilo,,,
4dea4aec-4e6e-4f1f-b3d9-c7753ac806c8,collars.baby,available,17.99,54.99,high,low,7,namesilo,,,20/09/2026 09:10
a677b5a9-f568-4f6c-995d-41b416eff710,aerate.baby,available,1.8,81.98,high,low,6,namecheap,,,17/09/2026 21:35
9d533e85-443a-4351-a24b-43035eb0f3c9,difficulty.baby,available,17.99,54.99,high,low,10,namesilo,,,
d0634283-97ef-4d96-b2b6-9468df6b9ce3,pitfall.baby,available,17.99,54.99,medium,low,7,namesilo,,,
85c8951a-2354-40e1-a18f-bc4ff66feb38,treating.baby,available,1.8,81.98,high,low,8,namecheap,,,23/09/2026 18:53
5cc775fc-5ecd-4853-9a1c-834b4c430525,brittle.baby,available,1.8,81.98,medium,low,7,namecheap,,,11/08/2026 03:47
71dbf018-9801-48bf-9269-43ef069f22ba,overeager.baby,available,1.8,81.98,medium,low,9,namecheap,,,04/09/2026 20:31
9cfd336c-6950-46a0-b333-b227dc1c6913,zygoma.baby,available,17.99,54.99,medium,low,6,namesilo,,,20/09/2026 03:03
7ed40b99-160a-450b-9d6f-1f11d8fb031f,toot.baby,available,17.99,54.99,high,low,4,namesilo,,,23/09/2026 01:30
6c079067-a64f-41f5-8f42-f5b6fb247740,galling.baby,available,1.8,81.98,high,low,7,namecheap,,,
0f4dde22-c845-4b1e-ba3d-eb03415d6035,anagrams.baby,available,17.99,54.99,high,low,8,namesilo,,,19/09/2026 01:29
7ed5a9eb-410d-4659-be58-312e63caa596,billed.baby,available,1.8,81.98,high,low,6,namecheap,,,09/08/2026 21:23
909efaff-6870-448b-b57d-2f14d1c68dd5,paton.baby,available,17.99,54.99,high,low,5,namesilo,,,18/09/2026 01:46
29196a52-7ad6-4191-9319-c82e8b8bee43,pulpit.baby,available,1.8,81.98,high,low,6,namecheap,,,18/09/2026 17:14
040b9d2a-82d5-4d91-a199-115e1a1485d8,morose.baby,available,1.8,81.98,medium,low,6,namecheap,,,20/08/2026 15:01
cd4bbbda-a93a-413e-8ac7-c9fde7f7f724,disrepute.baby,available,17.99,54.99,medium,low,9,namesilo,,,24/09/2026 22:34
cddcc9ed-ac9c-43ed-b86d-0e2ad4fad87c,chuffed.baby,available,1.8,81.98,medium,low,7,namecheap,,,12/08/2026 07:37
a0238c2a-5ceb-4d54-abe9-e32d47e1bef8,lamppost.baby,available,17.99,54.99,high,low,8,namesilo,,,
d4d04b1b-85d0-49d9-b97a-7f3231134fd6,nerve.baby,available,17.99,54.99,high,low,5,namesilo,,,25/09/2026 23:41
bdcdb5aa-af61-4a1a-b4c0-298a02bd298b,ottoman.baby,available,1.8,81.98,high,low,7,namecheap,,,04/09/2026 18:38
3ba715e9-b846-4454-b417-3f81cd0bd0cd,unlogical.baby,available,1.8,81.98,low,low,9,namecheap,,,21/08/2026 20:07
0ab443b3-1bde-4ac5-88a8-4c3da0794e5f,necessity.baby,available,17.99,54.99,high,low,9,namesilo,,,24/09/2026 15:20
1022f7da-3f1f-49e8-9f6f-3601b17bedb9,smitten.baby,available,1.8,81.98,high,low,7,namecheap,,,16/08/2026 21:16
d536473f-db41-41f8-a495-8528b38e97c4,endodontic.baby,available,1.8,81.98,medium,low,10,namecheap,,,17/08/2026 01:06
24bab825-7d43-4585-99d2-cf8f2974b9e0,eileen.baby,available,17.99,54.99,medium,low,6,namesilo,,,26/09/2026 03:31
44236bc4-4eb9-4cb2-bbaa-b77c03cb2b57,malformed.baby,available,1.8,81.98,medium,low,9,namecheap,,,13/08/2026 23:43
2a905d23-fe5b-4d59-bd68-5fcb52ec661f,polydactyl.baby,available,1.8,81.98,medium,low,10,namecheap,,,08/09/2026 23:13
4ee402fb-283b-40da-94cd-523095365fb3,bakshis.baby,available,17.99,54.99,medium,low,7,namesilo,,,21/09/2026 15:54
dddb6f6a-9c28-44ad-bcbd-ced6c0758edc,prelim.baby,available,1.8,81.98,high,medium,6,namecheap,,,09/09/2026 01:38
de0aac05-f68d-45be-9c57-49b34aeca85b,bewitched.baby,available,1.8,81.98,medium,low,9,namecheap,,,09/08/2026 18:17
1221e4f0-a6ef-4527-8796-4ca033d0eb33,poached.baby,available,1.8,81.98,high,low,7,namecheap,,,10/08/2026 17:34
26a3be83-5ba6-43c8-91ca-ce14d33d43b0,yearningly.baby,available,1.8,81.98,medium,low,10,namecheap,,,15/09/2026 12:56
8d29f969-ba90-43d6-a160-f7e968cee6e7,tells.baby,available,1.8,81.98,medium,low,5,namecheap,,,18/09/2026 14:10
117bf4cd-2061-4230-a3ce-efc407601daa,bestiary.baby,available,17.99,54.99,high,low,8,namesilo,,,23/09/2026 10:36
9960104f-123a-4074-a08c-b527c79535bc,beefburger.baby,available,1.8,81.98,medium,low,10,namecheap,,,23/09/2026 01:04
7eb5098a-4ce3-443b-b767-1fd7e4f814c0,imbricate.baby,available,1.8,81.98,medium,low,9,namecheap,,,21/08/2026 20:35
5d3993ee-acbc-4b8e-84bb-cb9fc3ab2b4a,joachim.baby,available,17.99,54.99,high,low,7,namesilo,,,27/09/2026 04:35
c1834165-5052-4b97-845c-a30b80da7a5b,club.baby,premium,625,,high,low,4,name.com,,,
afe85a72-d33d-4354-b31b-5789c2101d08,beigel.baby,available,1.8,81.98,high,low,6,namecheap,,,21/09/2026 17:54
c5d86164-29cd-423e-b057-8f5dc9d3acbb,careless.baby,available,17.99,54.99,high,low,8,namesilo,,,23/09/2026 12:52
8e86547e-8529-41dc-a04e-a40e48af2f19,judicial.baby,available,1.8,81.98,high,low,8,namecheap,,,22/08/2026 14:14
3694f60d-0f69-4a91-aadc-3b28ee686f8d,annum.baby,available,17.99,54.99,high,low,5,namesilo,,,19/09/2026 11:04
8047563f-30ea-4981-a95d-77745f4394a3,controlled.baby,available,1.8,81.98,high,low,10,namecheap,,,23/09/2026 22:39
a200de31-0eee-40bf-b1a5-ee9d649368ae,tracking.baby,available,17.99,54.99,high,low,8,namesilo,,,
5dd360af-0a87-4efa-84ab-9c6c766f0b2a,alteration.baby,available,1.8,81.98,high,low,10,namecheap,,,18/09/2026 14:42
ecce036f-23c4-4347-96b3-5b77859973cb,and.baby,resell,,,high,medium,3,Dynadot Inc,04/09/2026 04:12,04/09/2027 23:59,26/09/2026 03:52
13a0edb2-f476-4a67-b3a3-29028d061d46,spurious.baby,available,1.8,81.98,medium,low,8,namecheap,,,09/08/2026 00:03
a3b7d65e-909b-4c36-ad4c-b1b947c70e12,sami.baby,available,1.8,81.98,high,medium,4,namecheap,,,09/09/2026 21:06
701da2a8-aea7-4307-b55d-eb5ca3525d32,mob.baby,available,1.8,81.98,high,low,3,namecheap,,,24/09/2026 19:26
bca122c6-e985-4966-93b9-43c87a2b6912,hashtag.baby,available,17.99,54.99,high,low,7,namesilo,,,
831a9904-9bd7-49b6-b2b5-c483e6cbcf63,wisdoms.baby,available,17.99,54.99,medium,low,7,namesilo,,,21/09/2026 10:19
9ebb5333-f4dc-4845-80fb-efd1392e5e23,cambrian.baby,available,1.8,81.98,high,low,8,namecheap,,,11/08/2026 15:45
2b233ef6-e9b9-4db4-a2ba-40d705ea2fdb,advocator.baby,available,17.99,54.99,medium,low,9,namesilo,,,17/09/2026 11:45
257a866a-0da9-4c1e-a6e4-92242587e3e2,abbey.baby,available,1.8,81.98,high,low,5,namecheap,,,16/09/2026 14:25
60708853-406e-40c0-8a04-c4e355e42236,silvan.baby,available,1.8,81.98,medium,low,6,namecheap,,,19/09/2026 11:29
a9a3bfc5-09ed-441f-bccd-660b22f02ee5,blissfully.baby,available,1.8,81.98,high,low,10,namecheap,,,14/09/2026 00:23
7f388b71-162c-4092-b32e-9e8879d0f024,regulate.baby,available,17.99,54.99,high,low,8,namesilo,,,
c2715597-ef15-4966-9ca4-2ec97194e9da,affiliation.baby,available,17.99,54.99,high,low,11,namesilo,,,
7726aca1-d501-457c-a679-059305096bbb,jaunty.baby,available,1.8,81.98,high,low,6,namecheap,,,12/08/2026 06:01
d96d7a72-4498-489d-8976-ebb8b73adb10,omen.baby,available,1.8,81.98,high,low,4,namecheap,,,27/09/2026 07:13
1485ae7b-ac94-435e-b219-ad3606e30465,crepuscule.baby,available,1.8,81.98,medium,low,10,namecheap,,,11/09/2026 21:48
a0d173a3-ad16-4c9d-8541-e3b79c984a51,informs.baby,available,1.8,81.98,medium,low,7,namecheap,,,20/09/2026 13:37
135488c6-44f5-49bf-a9fc-1a0c3b00864e,weedless.baby,available,1.8,81.98,medium,low,8,namecheap,,,13/09/2026 10:00
4518c8a6-5419-4c63-bb86-d0f7401ed40c,alhazen.baby,available,17.99,54.99,medium,low,7,namesilo,,,18/09/2026 00:42
90a2f81b-1fba-4228-8932-6337c03960de,bedside.baby,available,17.99,54.99,high,low,7,namesilo,,,22/09/2026 23:34
7b7eccd0-227b-4c62-a38e-1b8c73a59d62,ruse.baby,available,17.99,54.99,medium,low,4,namesilo,,,20/09/2026 11:33
c2274dde-1c82-46ed-b9fe-de6af688a2e6,gizmo.baby,available,17.99,54.99,high,low,5,namesilo,,,19/09/2026 21:49
8d5c4e20-85bb-4d1c-953a-2eca285e7592,nicaean.baby,available,1.8,81.98,medium,low,7,namecheap,,,03/09/2026 16:59
a64d79dd-049f-41b9-a560-030587baa903,presumably.baby,available,1.8,81.98,medium,low,10,namecheap,,,15/09/2026 21:20
fb6ae416-4e36-44a2-944d-cd7e7f04e7a4,annoy.baby,available,17.99,54.99,high,low,5,namesilo,,,
7adb80d6-9614-4989-999b-da9a1e091456,starry.baby,available,1.8,81.98,high,low,6,namecheap,,,10/09/2026 18:58
92b9c1f1-cf45-4fdb-88d2-f4727dd7394d,unhappy.baby,available,1.8,81.98,high,low,7,namecheap,,,24/09/2026 12:43
f9cb4e30-b85c-48ad-a72e-15eb06c90042,minimally.baby,available,1.8,81.98,medium,low,9,namecheap,,,15/09/2026 15:02
400a5af4-8a99-41f9-b369-4afb2ec14cc6,motorised.baby,available,1.8,81.98,medium,low,9,namecheap,,,25/08/2026 08:28
eb36874a-be17-4a9f-87ac-a9cae3296bb5,misguided.baby,available,1.8,81.98,medium,low,9,namecheap,,,21/08/2026 18:57
d147d923-bcf4-4fc8-99c0-ad9d1ab79fef,upmarket.baby,available,1.8,81.98,high,low,8,namecheap,,,12/09/2026 23:13
18baa829-d68c-4803-8dc1-f5076caf2db6,unlabeled.baby,available,1.8,81.98,medium,low,9,namecheap,,,12/09/2026 14:28
1336c2a5-9920-41d3-b122-7456f2adccf2,albers.baby,available,17.99,54.99,high,low,6,namesilo,,,18/09/2026 02:34
442fcd2a-2a1f-4897-a620-0dbf8ca9daa8,diverting.baby,available,1.8,81.98,medium,low,9,namecheap,,,
60ac2441-37aa-4aab-a91b-3efcb612ffd3,ninepenny.baby,available,1.8,81.98,low,low,9,namecheap,,,03/09/2026 17:37
19d600c0-db17-4298-86af-a61c1a5d822e,labeled.baby,available,1.8,81.98,high,low,7,namecheap,,,22/08/2026 17:13
be92b7ce-edef-4cca-8816-b483b16695de,patented.baby,available,1.8,81.98,high,low,8,namecheap,,,08/09/2026 10:24
9825fb52-9f94-4a7f-8b28-171b1c155219,epidemic.baby,available,17.99,54.99,high,low,8,namesilo,,,24/09/2026 14:35
9f37e17d-6de1-4c01-ba12-a5cffc141cdb,sift.baby,available,17.99,54.99,high,low,4,namesilo,,,
5bd3c10e-9610-4ec9-ad6e-b65781805ed5,agapornis.baby,available,1.8,81.98,medium,low,9,namecheap,,,17/09/2026 16:13
c8272562-c5ec-4076-b45c-e17f40ce6698,anthurium.baby,available,17.99,54.99,high,low,9,namesilo,,,19/09/2026 13:58
ad1cbcc2-e94c-4b15-838c-74417d158e0b,southward.baby,available,1.8,81.98,high,medium,9,namecheap,,,10/09/2026 14:49
5831f82e-5037-449d-8079-ce89f7fc7791,mogadishu.baby,available,17.99,54.99,medium,low,9,namesilo,,,24/09/2026 12:23
4b309ca7-c3bd-4f22-a8b7-416dd2c44109,sickish.baby,available,1.8,81.98,low,low,7,namecheap,,,03/09/2026 14:05
ee94e86f-e871-454f-9a19-785859413307,alienable.baby,available,1.8,81.98,medium,low,9,namecheap,,,
d2318a0c-30af-4fc0-97b6-627a275a1743,boned.baby,available,1.8,81.98,high,low,5,namecheap,,,10/08/2026 18:34
0d59538f-f141-4525-9836-cf31a42ad205,devotedly.baby,available,1.8,81.98,medium,low,9,namecheap,,,14/09/2026 12:28
9b3aea29-135f-4459-a5fc-55f7b2a42d3a,hindoo.baby,available,1.8,81.98,medium,low,6,namecheap,,,21/08/2026 09:33
c903fa72-cd74-4573-be7b-7a37520b2d21,deposition.baby,available,17.99,54.99,medium,low,10,namesilo,,,24/09/2026 22:00
76719678-aec5-454a-8ca5-cb9e3dd964ea,hyalin.baby,available,1.8,81.98,medium,low,6,namecheap,,,21/08/2026 16:10
2f6bc0c9-bd5f-4670-b778-0ddc66123d95,topology.baby,available,17.99,54.99,high,low,8,namesilo,,,19/09/2026 01:59
9c2dbd0a-31b3-4c87-a008-3090e1495df1,blatant.baby,available,1.8,81.98,medium,low,7,namecheap,,,10/08/2026 13:31
c14d6e9e-18e7-4132-9f6c-bdc633098d0c,taking.baby,available,1.8,81.98,high,low,6,namecheap,,,18/08/2026 02:22
d52ed062-0ea7-4556-aec7-02cf25b25554,reckless.baby,available,1.8,81.98,medium,low,8,namecheap,,,18/08/2026 10:33
0b5027fb-4cb8-4f92-90bd-4d77fcfda11c,accompanying.baby,available,17.99,54.99,high,low,12,namesilo,,,25/09/2026 03:29
d83ae97a-cc64-4d15-ab28-5bf58fadf4cd,miry.baby,available,1.8,81.98,medium,low,4,namecheap,,,10/08/2026 17:05
11a95724-4829-4653-b4be-f2daa2acaa92,hollows.baby,available,17.99,54.99,low,low,7,namesilo,,,20/09/2026 18:42
10cd3540-b233-422e-81a0-008ba2acf98e,afterglow.baby,available,1.8,81.98,high,low,9,namecheap,,,17/09/2026 15:42
534f773c-30f6-46da-bb8a-d8298b2e6e1d,mastered.baby,available,1.8,81.98,high,low,8,namecheap,,,14/08/2026 17:35
dfa97891-5589-4257-bb87-4da6b1f0ecf3,actuality.baby,available,17.99,54.99,high,low,9,namesilo,,,17/09/2026 05:19
5f46a9e5-c2bb-4975-8a44-958e73191055,hydrous.baby,available,1.8,81.98,medium,low,7,namecheap,,,21/08/2026 16:14
31181ea3-2ec0-4958-ac7f-23b2cc0b98f2,them.baby,available,17.99,54.99,high,low,4,namesilo,,,
4c2c5bc7-8bcb-40a1-88ad-a2b7931298c9,moistness.baby,available,29.99,94.99,medium,low,9,name.com,,,13/08/2026 16:47
1a3eef44-2a86-4306-a234-ea260fc6d26c,enraged.baby,available,1.8,81.98,medium,low,7,namecheap,,,
3049b3a2-2a17-4519-a687-a79367060172,pushy.baby,available,1.8,81.98,high,medium,5,namecheap,,,09/09/2026 06:37
3ccef4a0-448d-4ad6-857a-09b1a1a7c015,clog.baby,available,17.99,54.99,high,low,4,namesilo,,,24/09/2026 15:50
08249a31-875c-4fe4-b32b-2a9dc57493b2,imbalanced.baby,available,1.8,81.98,medium,low,10,namecheap,,,21/08/2026 20:20
87c170b5-0d38-4a90-8f61-104c60346b32,whiz.baby,available,1.8,81.98,high,low,4,namecheap,,,21/09/2026 18:01
18a00156-aadb-44bd-a912-fc32dd51d5b3,ebullient.baby,available,1.8,81.98,high,low,9,namecheap,,,14/08/2026 23:20
1a03e968-4d8f-45bf-99d8-dce915acadab,ibnsina.baby,available,17.99,54.99,medium,low,8,namesilo,,,16/09/2026 18:41
feda52e8-c791-4b59-8edc-47bd59539831,soonest.baby,available,1.8,81.98,medium,low,7,namecheap,,,14/08/2026 22:25
ab56930f-b92c-4c6d-8680-eeb48a08cd2a,angst.baby,available,17.99,54.99,medium,low,5,namesilo,,,19/09/2026 07:24
5b43b2f9-5888-4420-a416-28d3a8e23075,canny.baby,available,1.8,81.98,high,low,5,namecheap,,,11/08/2026 13:23
e529560f-69f0-4afe-9a02-ec8dfaaa6f20,ceremony.baby,available,1.8,81.98,high,low,8,namecheap,,,08/09/2026 07:31
158de08c-827c-47be-bc36-53fe30420ffd,mural.baby,available,1.8,81.98,high,low,5,namecheap,,,03/09/2026 11:00
c6cdc20d-59d4-4216-9183-0c16b50fe5ff,pro.baby,resell,,,high,medium,3,"Sav.com, LLC - 29",29/07/2026 21:52,29/07/2027 23:59,26/09/2026 08:20
f838fcf4-f77b-41fa-bc52-8a39cfb58f98,swiftly.baby,available,29.99,,high,low,7,name.com,,,
4cf06e2b-5b03-4afa-9f7d-67cd8513e668,abkhazian.baby,available,1.8,81.98,medium,low,9,namecheap,,,
7c4d9dcf-62a4-40f8-908b-bcc4c1134b96,reciprocal.baby,available,1.8,81.98,high,low,10,namecheap,,,09/09/2026 11:29
08d84a62-8b95-42ee-a458-9d8cb249e09e,possibility.baby,available,17.99,54.99,high,low,11,namesilo,,,25/09/2026 16:40
8c9de7b4-f3a7-48dd-9f10-d782d83f71d9,alhakim.baby,available,1.8,81.98,medium,low,8,namecheap,,,18/09/2026 00:38
2ef42512-117c-4852-8dfb-ff17badf547f,yesterday.baby,available,17.99,54.99,high,low,9,namesilo,,,
fcfb7766-0a05-44cb-96fc-a3299b348065,omnivorous.baby,available,1.8,81.98,high,low,10,namecheap,,,04/09/2026 13:56
34d7a355-331f-40ee-b865-d0d485dd14f9,comte.baby,available,17.99,54.99,high,low,5,namesilo,,,21/09/2026 03:56
290893b0-09b6-4e40-9d6c-c47849ab38e0,dayspring.baby,available,1.8,81.98,high,low,9,namecheap,,,11/09/2026 02:07
45327dac-e41a-4926-8292-7e5c67f1a56b,extend.baby,available,17.99,54.99,high,low,6,namesilo,,,
cb945883-f4a7-44d6-ab0a-af46c9fb15e6,spick.baby,available,1.8,81.98,medium,low,5,namecheap,,,21/08/2026 20:46
b0d8242d-df43-41a8-9b43-9999a65d746f,slicker.baby,available,17.99,54.99,high,low,7,namesilo,,,23/09/2026 02:58
d9c600ed-d25e-4127-8475-fd96bd694cf5,elemental.baby,available,1.8,81.98,high,low,9,namecheap,,,16/08/2026 03:29
00edd9c7-7852-4a09-b34e-0c604981f7a2,sargent.baby,available,17.99,54.99,high,low,7,namesilo,,,27/09/2026 04:36
aae5ba54-4588-4a01-b242-20945f327d62,vaccination.baby,available,17.99,54.99,high,low,11,namesilo,,,
ee203ca7-ddeb-4756-8a7d-8118197f1fcf,asuncion.baby,available,29.99,94.99,high,low,8,name.com,,,20/09/2026 18:23
519d6d59-b34e-47e6-9c05-ca2636633df2,thundery.baby,available,29.99,94.99,medium,low,8,name.com,,,13/08/2026 19:58
87e94c28-7c6a-4b9c-887b-efce2eff63af,lemon.baby,resell,,,high,medium,5,"Spaceship, Inc.",14/04/2026 21:24,14/04/2027 23:59,26/09/2026 07:12
c7feaac2-e5d5-406a-94d6-7213f84bd9bf,brownie.baby,available,17.99,54.99,high,low,7,namesilo,,,
f38afd20-e00f-444e-b270-6d46797c51fc,arctic.baby,available,1.8,81.98,high,low,6,namecheap,,,06/08/2026 16:07
bbcd8970-2b65-48a2-b79b-016b47df20dd,abenaki.baby,available,1.8,81.98,high,low,7,namecheap,,,
468a8b7a-3059-4931-974d-e1475d9a9fad,woodruff.baby,available,17.99,54.99,high,low,8,namesilo,,,20/09/2026 15:04
a2839200-a5af-4dca-9c23-5c36e263da12,ascendable.baby,available,1.8,81.98,medium,low,10,namecheap,,,07/08/2026 00:35
76d41ce8-beeb-422e-a79d-f23c925dc54a,modelling.baby,available,29.99,,high,low,9,name.com,,,
292d268d-c84d-465a-b921-33a6c22c90f1,mortimer.baby,available,17.99,54.99,medium,low,8,namesilo,,,25/09/2026 23:45
a0f79941-83a7-47cd-9cbf-49cb3182eb0d,lean.baby,available,1.8,81.98,high,low,4,namecheap,,,22/08/2026 22:04
c15242dd-50b8-4b1c-ad36-b4ac83dc13b3,specific.baby,available,17.99,54.99,high,low,8,namesilo,,,27/09/2026 02:45
3f7ffbcb-d21b-4132-8fd3-531dd98e84c4,openly.baby,available,1.8,81.98,high,low,6,namecheap,,,15/09/2026 17:59
26383528-8e2c-48e5-84ae-b3e45a495df2,autosexing.baby,available,17.99,54.99,medium,low,10,namesilo,,,21/09/2026 07:42
d7080d6d-f438-4e6a-8a0c-f5850d771b90,putting.baby,available,17.99,54.99,high,low,7,namesilo,,,25/09/2026 10:11
50be6db9-f9b9-47e4-a960-274d7c905bca,provably.baby,available,1.8,81.98,medium,low,8,namecheap,,,14/09/2026 11:29
bc73d29f-113d-4ec1-9faa-9c414cab1e75,eyrie.baby,available,1.8,81.98,high,low,5,namecheap,,,
3a5f5cb7-8878-48e9-9721-ab05140a7c0b,balenciaga.baby,available,1.8,81.98,high,medium,10,namecheap,,,21/09/2026 21:55
99dae2fa-0ea7-46c1-8631-d73d81bb773a,cynic.baby,available,1.8,81.98,high,low,5,namecheap,,,24/09/2026 20:49
e753c218-9e1c-427c-b9cc-ea171c9e37d2,plugin.baby,available,17.99,54.99,high,low,7,namesilo,,,17/09/2026 06:36
69d451a6-a252-4fdd-8b4d-de799ce5efa8,revered.baby,available,29.99,,high,low,7,name.com,,,
972d83a8-c0b8-4250-9274-dea9b9e5f14b,sensation.baby,available,17.99,54.99,high,low,9,namesilo,,,21/09/2026 17:34
3e4cedd7-365e-40f5-9b00-e38d1b86adc6,talky.baby,available,1.8,81.98,high,low,5,namecheap,,,12/08/2026 03:24
38f5852d-5317-4ace-83b0-337174f237dc,alkalic.baby,available,1.8,81.98,medium,low,7,namecheap,,,
9af0661e-546d-4cf6-816a-762572e9d761,enatic.baby,available,1.8,81.98,medium,low,6,namecheap,,,16/08/2026 21:20
d94ab7e7-a7a8-4252-bf6d-09c085640b46,bonaparte.baby,available,1.8,81.98,medium,low,9,namecheap,,,25/09/2026 00:27
81fd459b-03dc-4675-8bae-553152dd7c4e,ripened.baby,available,1.8,81.98,high,low,7,namecheap,,,09/09/2026 17:55
24eb8409-3f2b-4a79-b59f-e12705993b72,absorbance.baby,available,1.8,81.98,high,low,10,namecheap,,,16/09/2026 18:11
f0a0688c-f2b6-46d8-95eb-e10d436b7c7e,marsupial.baby,available,1.8,81.98,high,low,9,namecheap,,,24/08/2026 16:32
687301c0-b0b1-41ab-a53a-d9e43db0759d,horsefish.baby,available,1.8,81.98,medium,low,9,namecheap,,,20/09/2026 21:39
be3c1e6e-06b8-4af7-ad38-0225a8d39b1f,unexampled.baby,available,1.8,81.98,medium,low,10,namecheap,,,12/09/2026 09:24
b3162acb-dad8-429e-8be6-c3e5d09aa5e7,dearie.baby,available,29.99,94.99,high,low,6,name.com,,,13/08/2026 18:19
95cf1915-f771-480a-aa43-cd830b435d57,heads.baby,available,17.99,54.99,high,low,5,namesilo,,,
64532881-7e08-4e6c-9258-bb111e40846c,sat.baby,resell,,,high,low,3,Dynadot Inc,19/06/2026 14:05,19/06/2027 23:59,26/09/2026 08:49
5e3f9ee3-9a27-4456-b89d-6c9e4ef68ec8,namely.baby,available,17.99,54.99,medium,low,6,namesilo,,,
505e2a64-7f16-4035-8691-1b32cd574275,plane.baby,available,1.8,81.98,high,low,5,namecheap,,,24/09/2026 19:36
89637bc7-7881-4529-bb5e-19608a77629c,impacted.baby,available,1.8,81.98,medium,low,8,namecheap,,,21/08/2026 21:36
e5a34f23-1791-4e96-b645-913646e18b3b,renunciant.baby,available,1.8,81.98,medium,low,10,namecheap,,,09/09/2026 14:23
ad38c6a2-01e4-4e11-ab19-19d4527d0c90,watches.baby,available,17.99,54.99,high,low,7,namesilo,,,16/09/2026 10:07
9e8ee2cd-b78a-4958-8fb3-d4aa1d2c5718,portent.baby,available,1.8,81.98,medium,low,7,namecheap,,,09/09/2026 02:55
75cf9609-d3b5-4940-ac95-b6b07dc31815,lapsing.baby,available,1.8,81.98,medium,low,7,namecheap,,,09/09/2026 16:15
9184f137-ffd1-4e59-9489-2921e1bc72de,pulling.baby,available,17.99,54.99,high,low,7,namesilo,,,25/09/2026 10:11
2b350554-8054-4235-8ec8-d92ed76979c7,shouldered.baby,available,1.8,81.98,high,medium,10,namecheap,,,10/09/2026 06:51
935c686a-91dd-4ac0-b9e7-91b2f5820f97,hugging.baby,available,1.8,81.98,high,low,7,namecheap,,,24/09/2026 12:55
cac3b565-0d0d-4544-b316-163e43f734ee,saline.baby,available,1.8,81.98,high,medium,6,namecheap,,,09/09/2026 20:54
aeda45d8-e854-4911-be3a-4339a47b24cd,plucky.baby,available,1.8,81.98,high,low,6,namecheap,,,18/08/2026 00:47
bb38d131-2a8d-46aa-b35a-0a4c8af9947d,hiatus.baby,available,17.99,54.99,high,low,6,namesilo,,,16/09/2026 14:09
24dd8c01-54e9-4625-bd28-eb01c1b21911,swaps.baby,available,17.99,54.99,medium,low,5,namesilo,,,18/09/2026 22:39
07f2c5bc-4cda-4f1d-9da1-7ea31e33baec,dissenter.baby,available,1.8,81.98,medium,low,9,namecheap,,,14/08/2026 12:39
e54c8edd-42c4-4b57-9b5e-1f5abc1ec317,modified.baby,available,1.8,81.98,high,low,8,namecheap,,,25/08/2026 03:15
8e398ef3-b690-40d3-9001-957345003391,arboreal.baby,available,1.8,81.98,high,low,8,namecheap,,,06/08/2026 13:18
b84e97dc-5b90-4efd-84e8-ffcfcce5f32f,terse.baby,available,1.8,81.98,medium,low,5,namecheap,,,22/08/2026 18:16
107393c1-9cdd-4664-aa40-33b104cec815,widespread.baby,available,17.99,54.99,high,low,10,namesilo,,,24/09/2026 16:57
1707336c-8e3b-4158-bab8-04d91e17d1eb,bra.baby,available,17.99,54.99,high,low,3,namesilo,,,
442d7a79-f8de-4669-a28a-dabb7b9b522d,platter.baby,available,17.99,54.99,high,low,7,namesilo,,,
13ed24c7-42b0-4f9e-bf44-032fe47b4aca,theories.baby,available,17.99,54.99,medium,low,8,namesilo,,,25/09/2026 05:25
b431c0e6-e7e9-489a-9aa4-a1c936040ebd,bsarch.baby,available,17.99,54.99,medium,low,6,namesilo,,,21/09/2026 14:16
fb4f33a6-ceb5-4209-a1e2-5c1a37f88457,pen.baby,available,17.99,54.99,high,low,3,namesilo,,,27/09/2026 03:22
a895db9a-d33f-478d-8bac-b372565746a9,talus.baby,available,17.99,54.99,high,low,5,namesilo,,,19/09/2026 09:46
b7006666-50a0-4764-a3e6-d168c39bb5e3,alpenstock.baby,available,1.8,81.98,medium,low,10,namecheap,,,18/09/2026 13:32
d7bdaabc-b0c3-474c-bfda-bde3c90915d4,affirmation.baby,available,17.99,54.99,high,low,11,namesilo,,,16/09/2026 08:52
351f4033-9d77-4c64-9d7e-960796baf61d,anointer.baby,available,17.99,54.99,medium,low,8,namesilo,,,19/09/2026 11:18
1fab7b08-d098-4f36-bea4-3c97308c2628,appleton.baby,available,1.8,81.98,medium,low,8,namecheap,,,19/09/2026 21:41
3438e403-6fb8-4f15-834f-d7ceb8882fe2,guthrie.baby,available,17.99,54.99,high,low,7,namesilo,,,25/09/2026 06:47
e8104f7f-7f79-4209-bc73-d2ce03131592,hardly.baby,available,29.99,,high,low,6,name.com,,,
746c9894-7fa3-4547-9413-f0cecbe588f4,beldame.baby,available,17.99,54.99,medium,low,7,namesilo,,,23/09/2026 04:46
d342d8ff-accb-48e3-a8bf-620c9d1280d2,monogamous.baby,available,1.8,81.98,high,low,10,namecheap,,,25/08/2026 05:11
71b9622d-da48-4215-b73c-ce7ad15b5e29,slippy.baby,available,1.8,81.98,medium,low,6,namecheap,,,10/09/2026 11:03
0094d6f3-9766-4039-bd92-0bd5b53f6ced,fallacious.baby,available,1.8,81.98,medium,low,10,namecheap,,,13/08/2026 21:08
2b1dae31-2381-4c45-8e0b-27db310ff690,kudos.baby,available,17.99,54.99,high,low,5,namesilo,,,
912de061-3673-4a5b-b2e7-1e2509537f11,asat.baby,available,1.8,81.98,medium,low,4,namecheap,,,05/08/2026 19:31
07d90a21-b3f4-4dc7-86c3-f13c7b982cda,antitumor.baby,available,1.8,81.98,high,low,9,namecheap,,,22/09/2026 06:40
4c8ff41e-36dd-4852-8631-614b0d6df8a7,mammalian.baby,available,1.8,81.98,high,low,9,namecheap,,,24/08/2026 14:19
f64420e6-9cae-4e73-afd5-aaafc19dc89a,similitude.baby,available,17.99,54.99,medium,low,10,namesilo,,,18/09/2026 07:51
bc23da83-0625-406e-82a4-8ecb6b746a4e,icons.baby,available,17.99,54.99,high,low,5,namesilo,,,
1f57d924-a068-44a6-ac7d-ea7c42f2d1a6,lemonlike.baby,available,1.8,81.98,medium,low,9,namecheap,,,22/08/2026 23:27
cd9031e6-6785-438c-a28b-690cd20c6bc2,whammy.baby,available,1.8,81.98,medium,low,6,namecheap,,,21/08/2026 07:39
f113dca1-b2b5-4e95-b963-5a403ba0011c,demonic.baby,available,1.8,81.98,medium,low,7,namecheap,,,14/08/2026 01:26
885ea5de-57e3-43cf-ae78-1242335cb7f3,senescence.baby,available,17.99,54.99,medium,low,10,namesilo,,,17/09/2026 16:52
eb739053-2692-4e2e-abd9-c506e99c2e4c,warrant.baby,available,1.8,81.98,high,low,7,namecheap,,,08/09/2026 08:40
5247dc6b-918d-4e86-9036-cfdabf941794,quickest.baby,available,1.8,81.98,medium,low,8,namecheap,,,14/09/2026 17:48
452e9d9c-5b37-4662-940b-1983094bb536,dressed.baby,available,17.99,54.99,high,low,7,namesilo,,,22/09/2026 07:16
9d9a30db-8ce1-4537-a990-734e76a76a8d,abandon.baby,available,1.8,81.98,high,low,7,namecheap,,,14/08/2026 03:52
260f6e09-5caa-4122-8cd4-e07f8b8594e7,boston.baby,premium,625,,high,low,6,name.com,,,
a5c65473-faee-4113-98a4-318d804a9ab7,curry.baby,available,29.99,,high,low,5,name.com,,,
dc377a26-f100-4a6e-bf3a-6a8759d9b51d,akaba.baby,available,17.99,54.99,medium,low,5,namesilo,,,17/09/2026 23:49
d9f67303-b750-4910-abfc-42fafbb4047a,accuser.baby,available,17.99,54.99,high,low,7,namesilo,,,
a16f4bc2-a01f-4440-a155-6864a3ed957a,activeness.baby,available,17.99,54.99,medium,low,10,namesilo,,,17/09/2026 05:11
22096a1d-1b8e-48f4-82d2-4a8a02380b52,volleyball.baby,available,17.99,54.99,high,low,10,namesilo,,,
a9f537eb-dcfe-42ce-8792-6a287e89c7aa,juxtaposed.baby,available,1.8,81.98,medium,low,10,namecheap,,,22/08/2026 15:00
49c044e0-1919-4b0c-8e04-8f23f77c1f77,panoramic.baby,available,1.8,81.98,high,low,9,namecheap,,,22/09/2026 21:06
5f03cb3c-6ced-44be-8dad-ae3bc8c7fb40,conniption.baby,available,1.8,81.98,medium,low,10,namecheap,,,18/08/2026 05:43
46b2e2ef-78a1-48ae-a264-30cd342eb26a,cimarron.baby,available,17.99,54.99,high,low,8,namesilo,,,23/09/2026 15:12
f76a1327-3cf1-4221-b64e-82dfff7cbe66,sequester.baby,available,1.8,81.98,high,low,9,namecheap,,,12/08/2026 21:06
56ecff82-9615-426b-a1d7-514bdee84a74,penciled.baby,available,1.8,81.98,medium,low,8,namecheap,,,08/09/2026 13:55
44e7ddff-4b22-483e-bb34-718278f9485f,brothel.baby,available,1.8,81.98,medium,low,7,namecheap,,,21/09/2026 18:15
09e3a82f-dce9-4562-9a7b-91a266e7cfde,poorly.baby,available,17.99,54.99,medium,low,6,namesilo,,,25/09/2026 07:34
50048b48-a195-4c6d-b34d-9ac971ba0730,undercover.baby,available,1.8,81.98,high,low,10,namecheap,,,12/08/2026 09:28
569afecd-0eb3-4817-98d6-389d22479e2b,theban.baby,available,1.8,81.98,high,low,6,namecheap,,,11/09/2026 12:35
fef78fe0-6310-48c2-aea2-2c74c91f502b,unsold.baby,available,1.8,81.98,medium,low,6,namecheap,,,12/09/2026 20:17
ba9bd835-97c8-4e07-92c6-8847eb343399,assamese.baby,available,1.8,81.98,medium,low,8,namecheap,,,07/08/2026 05:38
222e02f8-4b7d-4610-8f2b-42e2abe9e7d3,birdie.baby,available,29.99,94.99,high,low,6,name.com,,,23/09/2026 20:41
9ad09740-c3c8-4689-bef0-2afe32bd337d,pita.baby,available,17.99,54.99,high,low,4,namesilo,,,
f1bc72e4-13c7-41c6-b6f3-41d0abdc4b7b,begin.baby,available,1.8,81.98,high,low,5,namecheap,,,23/09/2026 09:05
d62a24e8-6a76-4aa6-a874-bec559fa10fa,darter.baby,available,17.99,54.99,medium,low,6,namesilo,,,19/09/2026 08:19
fe119268-804d-4468-a7f0-e217100b5293,electronic.baby,resell,,,high,low,10,"Spaceship, Inc.",30/06/2026 13:16,30/06/2027 23:59,26/09/2026 05:47
a1c8e3bf-632a-45ff-bc30-33c70bff1513,morning.baby,available,17.99,54.99,high,low,7,namesilo,,,
9dfa4660-2059-4e57-80de-4782d18fd418,maleficent.baby,available,1.8,81.98,medium,low,10,namecheap,,,24/08/2026 13:58
b00b7f83-087a-46a7-b274-fe58e6703232,inertial.baby,available,1.8,81.98,medium,low,8,namecheap,,,22/08/2026 03:59
db1d6306-d23f-4dab-9dda-5e34609d91ed,jargon.baby,available,1.8,81.98,high,low,6,namecheap,,,13/09/2026 04:10
f2830245-0a9e-4bc6-bc30-ba3e93e38bab,dosed.baby,available,1.8,81.98,medium,low,5,namecheap,,,14/08/2026 16:24
96c90b5c-666d-4cc3-97e2-77f919eedc5b,fame.baby,available,17.99,54.99,high,low,4,namesilo,,,
8f504443-1764-46af-9c71-9ec198e34b84,criticise.baby,available,17.99,54.99,high,low,9,namesilo,,,
9a780ce9-cbcb-45e5-8f26-aae854b5892f,fuel.baby,available,17.99,54.99,high,low,4,namesilo,,,25/09/2026 10:23
f30aa059-e2b3-41a9-8abc-119ec5ce357e,ramble.baby,available,1.8,81.98,high,low,6,namecheap,,,10/09/2026 22:10
2a7b286e-583c-436e-8728-eda3caa33d28,gobsmacked.baby,available,1.8,81.98,high,low,10,namecheap,,,20/08/2026 16:00
730027c3-14ee-4566-be29-7622d609a5ac,eleventh.baby,available,1.8,81.98,high,low,8,namecheap,,,
ea497ded-4eec-425e-a692-83995ec6c948,denny.baby,available,17.99,54.99,high,low,5,namesilo,,,25/09/2026 15:22
bd2ffbfb-89d1-4898-bf3e-f9a37a7d25d2,loth.baby,available,1.8,81.98,medium,low,4,namecheap,,,24/08/2026 08:19
570d5dc7-ba8b-4748-9451-c77338f135cb,tyke.baby,available,1.8,81.98,high,low,4,namecheap,,,25/08/2026 00:14
eb9f4be3-4bff-49ac-97fd-325a7e12bf03,qtips.baby,available,17.99,54.99,medium,low,6,namesilo,,,17/09/2026 10:12
8dc77798-92ba-4aa0-9a95-5285985c7086,personal.baby,available,17.99,54.99,high,low,8,namesilo,,,25/09/2026 04:57
8b183422-b557-42f4-9b62-65d42ae12df8,stupendous.baby,available,1.8,81.98,high,low,10,namecheap,,,12/08/2026 18:00
f152c46a-0434-4cf7-81d5-78c5844607d7,chewing.baby,available,17.99,54.99,high,low,7,namesilo,,,24/09/2026 14:24
7baac3da-20e4-4c1d-97ac-1fb91086499e,telephone.baby,available,17.99,54.99,high,low,9,namesilo,,,26/09/2026 00:02
061cb9b4-9ace-41a4-8e7e-d492f6ec8780,skies.baby,available,17.99,54.99,high,low,5,namesilo,,,18/09/2026 07:49
c81c6cce-bd28-4599-b057-4f00bf7f1202,trophic.baby,available,1.8,81.98,medium,low,7,namecheap,,,11/09/2026 20:22
e9c5feb3-8127-482e-82e7-1753ce182ce2,victory.baby,available,17.99,54.99,high,low,7,namesilo,,,25/09/2026 10:56
b2eb29b1-ee57-48d3-89cc-46cd3a9976b9,assistant.baby,resell,,,high,low,9,Dynadot Inc,07/02/2026 21:07,07/02/2027 23:59,26/09/2026 04:04
6b75e1af-0b9b-45fa-9382-26ed2eb0f35d,floodwaters.baby,available,17.99,54.99,medium,low,11,namesilo,,,21/09/2026 03:37
5a84dfbb-e483-4086-881e-ad2eddca8b0b,disheveled.baby,available,1.8,81.98,medium,low,10,namecheap,,,14/08/2026 10:56
54e12b9a-a85f-4675-8967-56ffd0bc92f9,aroid.baby,available,1.8,81.98,medium,low,5,namecheap,,,06/08/2026 11:30
804e435a-e5e2-4709-8a37-909256525b6f,conductor.baby,available,17.99,54.99,high,low,9,namesilo,,,
430e36f0-6414-4e4b-91f2-f04ec8519e19,fraternal.baby,available,1.8,81.98,high,low,9,namecheap,,,10/08/2026 03:44
8cd12d46-a0a2-4cbc-8526-8ff434c8d522,bernard.baby,available,17.99,54.99,high,low,7,namesilo,,,23/09/2026 09:46
12f9f5e0-7bd1-4f71-9b31-fe323b105af0,smack.baby,available,1.8,81.98,medium,low,5,namecheap,,,13/09/2026 23:28
3987bddc-8402-4e4d-a394-441620253797,relationships.baby,available,1.8,81.98,medium,low,13,namecheap,,,17/09/2026 20:15
04f8b23a-c729-4c02-82f6-33789bfbff14,quality.baby,resell,,,high,low,7,Dynadot Inc,13/08/2026 12:12,13/08/2027 23:59,26/09/2026 08:26
38c3cbdc-6363-4aac-88d9-b56d2037fdfc,feetfirst.baby,available,1.8,81.98,medium,low,9,namecheap,,,14/09/2026 18:20
770efaf3-8e7f-4064-ac7c-ea45dfea9eef,qualifying.baby,available,1.8,81.98,high,low,10,namecheap,,,23/08/2026 12:37
5c8eb08e-5629-4b8f-aa81-df0e6fdf6566,depot.baby,available,1.8,81.98,high,low,5,namecheap,,,11/09/2026 11:49
4f410c9a-05ce-4b2d-9f99-2ed7a5217969,addon.baby,available,1.8,81.98,high,low,6,namecheap,,,17/09/2026 06:37
cd748eb7-693c-47cb-ba24-ae6a90e4e171,aesthetics.baby,available,17.99,54.99,high,low,10,namesilo,,,17/09/2026 13:37
c0e6bbeb-d33e-4c09-b88b-39aab8ec0a8d,unstudied.baby,available,1.8,81.98,medium,low,9,namecheap,,,12/09/2026 06:07
e362d587-ddc1-4d13-be4d-0ea7fd6f47e8,bannister.baby,available,17.99,54.99,high,low,9,namesilo,,,22/09/2026 00:23
8aca3829-1007-4c2b-8e13-dc91c09a561c,heartleaf.baby,available,17.99,54.99,medium,low,9,namesilo,,,20/09/2026 12:53
897204d9-c3d8-4718-b630-aefc42fc5023,fuscous.baby,available,1.8,81.98,medium,low,7,namecheap,,,18/08/2026 19:02
b0040926-21c9-4842-8083-47ea4a074a4b,melissa.baby,available,29.99,94.99,high,low,7,name.com,,,27/09/2026 04:11
4c15dce4-f581-4167-85de-65c25753c34a,closeness.baby,available,17.99,54.99,high,low,9,namesilo,,,24/09/2026 15:57
e580a46a-d354-4d86-9578-614abc64c17a,hostility.baby,available,17.99,54.99,medium,low,9,namesilo,,,19/09/2026 12:25
cf3d8b05-dc60-4d4e-9c45-0161c09088c5,ardisia.baby,available,17.99,54.99,medium,low,7,namesilo,,,20/09/2026 03:10
15900ba3-bd55-4d39-82df-0fea636d3e19,handless.baby,available,1.8,81.98,medium,low,8,namecheap,,,11/08/2026 10:12
e9998814-d243-4943-b342-63c0789b793f,wines.baby,available,17.99,54.99,high,low,5,namesilo,,,18/09/2026 10:23
ae9cd712-53f2-4e8f-b0d6-6af12bf969d2,statehood.baby,available,29.99,,high,low,9,name.com,,,
82797c31-cd68-43f1-9e6e-4db6f3634efb,nonpublic.baby,available,1.8,81.98,medium,low,9,namecheap,,,03/09/2026 20:20
bd51cf0c-f107-4d22-afe9-e7ef9fe950b5,amarelle.baby,available,17.99,54.99,medium,low,8,namesilo,,,18/09/2026 15:55
76a15d37-11be-41e4-808b-d37803d1a795,basting.baby,available,17.99,54.99,medium,low,7,namesilo,,,22/09/2026 12:43
095221dc-0505-40bc-8442-2d3ebe22e4a1,ersatz.baby,available,1.8,81.98,medium,low,6,namecheap,,,17/08/2026 13:03
62a0527c-d6f4-4366-838c-570a58f2fbe8,lowbrow.baby,available,1.8,81.98,medium,low,7,namecheap,,,
199f113a-710e-4884-9827-a8c16a7c16d8,decolour.baby,available,17.99,54.99,medium,low,8,namesilo,,,24/09/2026 05:11
ced6fff5-b66f-4827-ac4e-987e2cfc6767,dauntless.baby,available,17.99,54.99,high,low,9,namesilo,,,22/09/2026 12:12
330bc162-e919-4416-b134-57a2318fd444,would.baby,available,17.99,54.99,high,low,5,namesilo,,,
2b2b465a-b918-4537-a1b1-98d16e9234e6,preemptive.baby,available,1.8,81.98,high,medium,10,namecheap,,,09/09/2026 01:06
5cd08ea5-6520-4d11-9692-cb396fb97729,asmara.baby,available,17.99,54.99,medium,low,6,namesilo,,,20/09/2026 14:27
56e3bf2f-90a6-4ce8-b742-2670cdfd31a6,mornings.baby,available,17.99,54.99,high,low,8,namesilo,,,20/09/2026 04:12
357ca93f-9e91-4bc5-a8ce-b40afaadcf7c,copernican.baby,available,1.8,81.98,high,low,10,namecheap,,,13/08/2026 00:26
f83c3cfd-5cb2-4dc2-8904-e5321b9a86a5,datable.baby,available,29.99,94.99,medium,low,7,name.com,,,13/08/2026 18:36
b62addf5-c3aa-4cb3-9653-e850725d3d1b,bland.baby,available,17.99,54.99,medium,low,5,namesilo,,,22/09/2026 21:44
c98289b9-ba11-49c9-9367-14d66b0a1c97,punishment.baby,available,17.99,54.99,high,low,10,namesilo,,,25/09/2026 09:51
d84942c7-0ee2-47e0-a5e5-9690da74c8ec,pinochle.baby,available,1.8,81.98,medium,low,8,namecheap,,,23/09/2026 12:19
c16ab422-05a3-41d2-a6df-5255d0c7ba16,know.baby,available,17.99,54.99,high,low,4,namesilo,,,
2fbb7a64-2045-4eb2-88ad-581e0888e2ea,jocund.baby,available,1.8,81.98,medium,low,6,namecheap,,,22/08/2026 13:40
463d4500-74a8-41b2-9245-02bba49dc3bd,baltic.baby,available,1.8,81.98,high,low,6,namecheap,,,08/08/2026 10:41
0603328c-e677-48e8-ac0c-146861c716d3,benzyl.baby,available,17.99,54.99,high,low,6,namesilo,,,23/09/2026 09:03
e186b4aa-d87b-40be-bd4c-52609211b87c,beguiled.baby,available,1.8,81.98,medium,low,8,namecheap,,,09/08/2026 09:46
9f05a83a-3b48-4e53-9316-d8e54f3382f5,southwards.baby,available,1.8,81.98,high,medium,10,namecheap,,,10/09/2026 14:52
8e48b466-950a-4528-a68e-1a4e842e4a43,procurable.baby,available,1.8,81.98,medium,low,10,namecheap,,,18/08/2026 23:08
dd6f5ca3-5813-4783-a551-a929d6afe0df,endogamic.baby,available,1.8,81.98,medium,low,9,namecheap,,,17/08/2026 01:11
46f24175-6a07-45b4-b727-e76184ce99e1,blain.baby,available,1.8,81.98,medium,low,5,namecheap,,,24/09/2026 03:42
800cb368-8ce1-4e46-9abe-a82653c4e6e9,providence.baby,available,17.99,54.99,high,low,10,namesilo,,,
c487dc4c-3a3f-4430-9856-6f1d4a15b2b0,rousseauan.baby,available,1.8,81.98,high,medium,10,namecheap,,,09/09/2026 19:09
92306182-d1ed-4667-a271-bea69fd262d2,yelled.baby,available,17.99,54.99,high,low,6,namesilo,,,
76010f6f-e3ed-46ab-a65c-96183865fbb4,cypriot.baby,available,29.99,94.99,high,low,7,name.com,,,13/08/2026 14:08
2a29f3d0-7e27-40be-be97-548b5b6a8fa1,gambian.baby,available,1.8,81.98,medium,low,7,namecheap,,,18/08/2026 19:48
94a49652-b064-4297-93ce-646205dfe6a3,ambitious.baby,available,17.99,54.99,high,low,9,namesilo,,,22/09/2026 03:59
106fb1e2-feb5-41b3-b151-07eea39f814f,harshly.baby,available,1.8,81.98,medium,low,7,namecheap,,,14/09/2026 22:08
98e864be-2750-4601-b2ce-131862aa295c,affiliates.baby,available,17.99,54.99,high,low,10,namesilo,,,21/09/2026 06:56
a2aefd06-c7f9-4f9f-bb46-51af8bef5da4,cleanser.baby,available,1.8,81.98,high,low,8,namecheap,,,24/09/2026 15:26
534d9885-9781-47c7-8468-339a724f04fe,sublunar.baby,available,1.8,81.98,medium,low,8,namecheap,,,12/08/2026 08:27
e5ab25ee-c266-4d5f-8c11-078af34c374b,idempotent.baby,available,1.8,81.98,medium,low,10,namecheap,,,21/08/2026 18:03
66be5997-44ad-4a2b-beae-6975dd53e8de,famed.baby,available,1.8,81.98,high,low,5,namecheap,,,11/08/2026 23:12
c1642d7e-fa5a-47da-b172-89846aba5395,provincial.baby,available,1.8,81.98,high,low,10,namecheap,,,11/08/2026 07:37
a934b43c-9395-4a5a-94d9-ec5e81d6dbfe,focussed.baby,available,1.8,81.98,high,low,8,namecheap,,,18/08/2026 09:47
d57d6cd8-77e1-42ce-af52-65b540b65334,came.baby,available,17.99,54.99,high,low,4,namesilo,,,
a8aa08b1-7060-41e9-83fe-5595bf2d6217,hasten.baby,available,1.8,81.98,medium,low,6,namecheap,,,09/09/2026 19:47
bf2e1d4a-43a6-466a-ade3-c021a32c6e49,gladsome.baby,available,1.8,81.98,high,low,8,namecheap,,,19/08/2026 00:13
4f6e992c-31c6-4836-9327-bd886569c2fe,parentage.baby,available,1.8,81.98,medium,low,9,namecheap,,,08/09/2026 13:25
bf789585-76b4-4501-999e-d2305c8fa4de,axial.baby,available,17.99,54.99,high,low,5,namesilo,,,22/09/2026 15:33
ef3c17d3-2fa7-422e-a82f-eee97dd3f6ab,chordal.baby,available,1.8,81.98,high,low,7,namecheap,,,12/08/2026 07:06
b90e22cb-b11f-4df9-8651-4a03da4af6eb,visible.baby,available,17.99,54.99,high,low,7,namesilo,,,
ba37e39e-4e91-42b0-9d6c-288d09299d05,receipts.baby,available,17.99,54.99,high,low,8,namesilo,,,
7901bbf6-49d1-4802-bc04-7b16e3da3c7c,amhara.baby,available,1.8,81.98,high,low,6,namecheap,,,18/09/2026 21:12
3c9bb544-0152-4ed8-92b3-a3a4f42fe530,fundament.baby,available,1.8,81.98,medium,low,9,namecheap,,,09/08/2026 10:59
58dcd842-1b68-4893-8c7e-70a47511b69f,bender.baby,available,1.8,81.98,high,low,6,namecheap,,,23/09/2026 07:44
636dc7e4-6268-4186-87fd-43ae5fa187b4,unmapped.baby,available,1.8,81.98,medium,low,8,namecheap,,,12/08/2026 02:55
b009bb14-1b6b-4946-bd42-d34eec06a4a5,crabby.baby,available,,,medium,low,6,,,,
e52fbc7d-0ee7-4063-98e4-dbe8b3798b12,rotund.baby,available,1.8,81.98,medium,low,6,namecheap,,,13/08/2026 01:59
d477f946-c4bf-48f5-bfa0-e22654c1957b,sphere.baby,available,1.8,81.98,high,high,6,namecheap,,,16/08/2026 20:56
c92e5f95-5681-49a8-bd76-7a9f67d12215,ignorant.baby,available,1.8,81.98,high,low,8,namecheap,,,21/08/2026 18:27
06bfdb43-9ee9-4fad-a7fc-1014b0c8b594,javan.baby,available,1.8,81.98,high,low,5,namecheap,,,22/08/2026 12:30
6b3c340f-6d40-4213-a694-eab01e83163f,basketry.baby,available,17.99,54.99,medium,low,8,namesilo,,,22/09/2026 11:28
b3e75f34-09ea-4dd2-a037-5a9b3988c4d6,abelard.baby,available,17.99,54.99,medium,low,7,namesilo,,,16/09/2026 14:59
df77c3bd-488b-40d1-9470-9519e8e3e008,earmark.baby,available,1.8,81.98,medium,low,7,namecheap,,,06/08/2026 09:08
f407113c-01d6-4b97-80ce-d42e89cc1152,something.baby,available,29.99,,high,low,9,name.com,,,
7d8ae567-bc58-441e-a437-88d095ec9ef1,beth.baby,available,17.99,54.99,medium,low,4,namesilo,,,23/09/2026 11:12
f0147d16-9f17-47c9-ab76-fb5b26b2d46e,blazonry.baby,available,29.99,94.99,medium,low,8,name.com,,,24/09/2026 05:06
76c7c3d5-dcf0-4d5d-97fe-d16a95afca58,twentieth.baby,available,17.99,54.99,high,low,9,namesilo,,,21/09/2026 12:27
df6af0a9-7192-4ff4-9b1b-4b0681910326,flutter.baby,available,1.8,81.98,high,low,7,namecheap,,,18/08/2026 07:48
748f1413-cd39-4cb7-81a0-1c59de9930bf,undertake.baby,available,17.99,54.99,high,low,9,namesilo,,,24/09/2026 17:44
3b576eac-ff67-49dc-a1da-b34a5792e891,oversewn.baby,available,1.8,81.98,medium,low,8,namecheap,,,04/09/2026 21:48
bcc24865-eae5-4e9e-9564-ebc1228a0b53,ghoulish.baby,available,1.8,81.98,medium,low,8,namecheap,,,18/08/2026 23:21
4decc24f-de4d-412b-8caf-ee0dfdd7c249,barnburner.baby,available,17.99,54.99,medium,low,10,namesilo,,,22/09/2026 06:49
f266d953-374f-4c14-8254-c254003a400d,suitable.baby,available,17.99,54.99,high,low,8,namesilo,,,
faf409f4-2802-4388-9e76-ed13d008bf16,geese.baby,available,17.99,54.99,medium,low,5,namesilo,,,
1e1f46e0-fbab-4817-b0a8-129a67e96dcf,undesigned.baby,available,1.8,81.98,medium,low,10,namecheap,,,12/09/2026 07:46
6ead3c06-2ddb-4183-be9f-093b12771ace,stabile.baby,available,1.8,81.98,medium,low,7,namecheap,,,21/08/2026 21:21
2ae41c32-56d6-4fd2-8f15-b62228ff7e1f,logy.baby,available,1.8,81.98,medium,low,4,namecheap,,,18/08/2026 09:55
e3b4ede0-cbc5-45c9-adb0-3308d342c61e,gregorio.baby,available,17.99,54.99,high,low,8,namesilo,,,
9b3e2fb7-6b06-4baa-860b-3b461ce0c213,locomote.baby,available,1.8,81.98,medium,low,8,namecheap,,,20/08/2026 15:49
ce59ffe0-6e17-4929-beff-cb43dc94da8f,intended.baby,available,17.99,54.99,high,low,8,namesilo,,,25/09/2026 09:53
961a4148-00ef-4c74-8c8d-d1e5c5878abc,colleagues.baby,available,17.99,54.99,medium,low,10,namesilo,,,18/09/2026 23:15
259407c8-944a-4f35-97ec-03245b7c038e,airy.baby,available,1.8,81.98,high,low,4,namecheap,,,
b3fb2996-37f4-4ea7-b29f-3d0d585ee48f,backbone.baby,available,1.8,81.98,high,low,9,namecheap,,,21/09/2026 15:14
b0078bb8-0148-496d-b048-bf8ea93c99bf,ambrosia.baby,available,1.8,81.98,high,low,8,namecheap,,,18/09/2026 17:26
691ef0c8-edc5-469f-947f-a438a03a1fbf,assigning.baby,available,17.99,54.99,high,low,9,namesilo,,,20/09/2026 16:26
bf4c8aff-b69a-49d9-a431-85c3c166bb0d,lettuce.baby,available,29.99,,high,low,7,name.com,,,
25d5a8fb-8bd6-4ef9-b152-3f345dfe9ac6,vertebrate.baby,available,1.8,81.98,medium,low,10,namecheap,,,13/09/2026 04:35
63503bb0-d80a-4519-bbed-e522ecd17ec1,impound.baby,available,1.8,81.98,high,low,7,namecheap,,,12/08/2026 21:04
b361b141-8ca0-4a0c-b158-9e31f45bed1f,lag.baby,available,1.8,81.98,high,low,3,namecheap,,,25/09/2026 10:16
0240e331-0060-47ae-9c33-294f665e3993,axilla.baby,available,17.99,54.99,medium,low,6,namesilo,,,20/09/2026 07:40
307cc951-9f82-4511-bce6-427ddb9dd069,amazona.baby,available,1.8,81.98,high,low,7,namecheap,,,18/09/2026 16:23
8d18583a-d830-4b08-93f8-61e73e68532b,bishopric.baby,available,17.99,54.99,high,low,9,namesilo,,,23/09/2026 21:59
0f5458c1-e8e9-4714-9b54-649160f01df9,along.baby,available,17.99,54.99,high,high,5,namesilo,,,26/09/2026 00:12
2926acfc-4546-4073-9f84-1e631e291c4e,fooling.baby,available,1.8,81.98,high,low,7,namecheap,,,18/08/2026 10:35
12f9f611-1989-4fb2-8565-b8790b56c3e5,visioned.baby,available,17.99,54.99,high,low,8,namesilo,,,20/09/2026 16:28
93d9579f-ec5c-4c59-9e2d-9322684cdff3,unspaced.baby,available,1.8,81.98,low,low,8,namecheap,,,12/09/2026 20:24
56f3e5e8-dd3c-4c50-afcd-ef7e704d5692,dominance.baby,available,17.99,54.99,high,low,9,namesilo,,,
c8d6383e-df9d-47bd-b8bc-705819af35e1,bastion.baby,available,1.8,81.98,high,low,7,namecheap,,,22/09/2026 12:50
0b0f6e38-83eb-4b8c-a050-5f64de25f999,aphis.baby,available,17.99,54.99,medium,low,5,namesilo,,,19/09/2026 17:05
618ed2fb-654f-4292-8298-2ade53e837ce,bunk.baby,available,1.8,81.98,medium,low,4,namecheap,,,03/09/2026 20:32
f47c28cd-b6c2-4962-8a85-148796e8a0fd,congruent.baby,available,1.8,81.98,high,low,9,namecheap,,,12/08/2026 21:57
f55f7c2d-33d9-4653-98fe-ee9de0116155,shifty.baby,available,1.8,81.98,high,medium,6,namecheap,,,10/09/2026 06:29
989dc1a4-0cb4-4fe8-b306-6ca935eb5ad7,nonplus.baby,available,1.8,81.98,medium,low,7,namecheap,,,21/09/2026 17:34
f5270fec-d2de-427c-a0a9-bfdfee0e2000,amman.baby,available,17.99,54.99,high,low,5,namesilo,,,18/09/2026 21:59
33c3d92c-99c5-431e-b310-e5089be772c3,cadmium.baby,available,1.8,81.98,high,low,7,namecheap,,,11/08/2026 22:59
e90a6846-f9a0-445f-9ed2-87b412a765e0,stake.baby,resell,,,high,high,5,Dynadot Inc,03/07/2026 00:35,03/07/2027 23:59,26/09/2026 09:15
69c96e7a-d885-4777-99f5-6b34d9a88d69,digits.baby,available,29.99,,high,low,6,name.com,,,
7745af59-7abe-4e6b-98ae-2350358c31d3,sampson.baby,available,17.99,54.99,medium,low,7,namesilo,,,27/09/2026 01:42
f5c3850e-7b82-4c61-9ab6-43ae513a487b,colourless.baby,available,1.8,81.98,medium,low,10,namecheap,,,12/08/2026 17:55
80fdf339-0c7e-41b2-8059-8eae3b2a0e1c,uncharted.baby,available,1.8,81.98,medium,low,9,namecheap,,,12/08/2026 02:53
2648ac7d-9aee-4383-874d-ca7a299a4059,iniquity.baby,available,1.8,81.98,medium,low,8,namecheap,,,17/08/2026 15:08
89ee433a-5c74-4abb-a336-4c0939aa6b1c,retreat.baby,available,17.99,54.99,high,low,7,namesilo,,,25/09/2026 13:32
9c925dd8-7b87-4198-a018-56428b7bbc02,monopoly.baby,available,29.99,,high,low,8,name.com,,,
62723ff2-7969-4384-8151-5d3b3947c125,tyrannical.baby,available,1.8,81.98,medium,low,10,namecheap,,,07/08/2026 19:12
b8c60d57-2761-439b-bc38-e5f8233cd2b5,actor.baby,available,17.99,54.99,high,low,5,namesilo,,,24/09/2026 08:18
4a2b106d-4cd4-4c90-9722-6017da1b9df4,vulturous.baby,available,1.8,81.98,high,medium,9,namecheap,,,09/09/2026 10:25
feb5bea9-037c-46e5-9122-73c25b021f74,sanitized.baby,available,1.8,81.98,high,medium,9,namecheap,,,09/09/2026 21:17
c499aedf-279f-4d0c-a3f8-4958663eb065,roiling.baby,available,1.8,81.98,medium,low,7,namecheap,,,09/09/2026 18:16
b5a248b3-a3d6-49c2-bb6a-6a17eecb1e38,priority.baby,available,17.99,54.99,high,low,8,namesilo,,,19/09/2026 12:40
6c1e7d23-ff85-4427-a04d-1a3f3fcf0d53,ampulla.baby,available,17.99,54.99,medium,low,7,namesilo,,,18/09/2026 23:51
717473ce-b27a-455d-8b90-29cbb647cffd,objection.baby,available,1.8,81.98,high,low,9,namecheap,,,25/09/2026 22:40
74077cc0-cc00-4aa6-9ff9-636c6fbe8d73,side.baby,available,17.99,54.99,high,low,4,namesilo,,,
a54a460f-0cd3-4de5-8aa4-7186f396d185,sibylline.baby,available,1.8,81.98,medium,low,9,namecheap,,,11/08/2026 12:20
c79ab8ba-9301-4298-ad72-6fae38dabf3e,fated.baby,available,1.8,81.98,high,low,5,namecheap,,,17/08/2026 23:32
871a7ada-00c8-46d9-be8b-3a6b127f4b75,equal.baby,available,1.8,81.98,high,low,5,namecheap,,,21/09/2026 18:27
4f1a188b-eb02-49bf-ba75-2017979599e9,youngish.baby,available,1.8,81.98,medium,low,8,namecheap,,,13/09/2026 14:49
388ed079-f054-48f8-82ee-36551637dc1a,umber.baby,available,1.8,81.98,high,low,5,namecheap,,,11/09/2026 22:59
ab336346-9eeb-4e70-aa7a-d25bf48eef15,metallic.baby,available,1.8,81.98,high,low,8,namecheap,,,24/08/2026 21:34
9c1a2b2d-f2e1-43cb-b1fc-2bc874875476,whitehead.baby,available,17.99,54.99,high,low,9,namesilo,,,18/09/2026 06:40
af851037-1476-4e38-8345-62752c5a043f,silence.baby,available,1.8,81.98,high,low,7,namecheap,,,26/09/2026 00:17
23b01f4b-6b6d-4071-a56c-9eefe0557e89,subalpine.baby,available,1.8,81.98,medium,low,9,namecheap,,,
235d420e-ae59-495c-bb24-f1873f184c04,croat.baby,available,1.8,81.98,high,low,5,namecheap,,,13/08/2026 07:34
7d9e929f-6714-4c0b-b594-7a41a3e4cd4f,fixedly.baby,available,1.8,81.98,medium,low,7,namecheap,,,14/09/2026 18:44
b0d177ba-605f-4f19-a628-d1ab93f489ef,keyed.baby,available,1.8,81.98,medium,low,5,namecheap,,,22/08/2026 15:42
fe94fcdf-4f8e-4de6-9428-f01faf99d123,pekan.baby,available,17.99,54.99,medium,low,5,namesilo,,,24/09/2026 00:25
59739033-284c-49d9-9d01-06c5b2d02a44,viewless.baby,available,1.8,81.98,medium,low,8,namecheap,,,13/09/2026 05:40
d4423dd8-2390-41e8-9318-eb9cc1c7c656,sportsperson.baby,available,17.99,54.99,high,low,12,namesilo,,,16/09/2026 08:58
b15f26d8-1ba0-4567-a4aa-f91c9e54879c,pourboire.baby,available,29.99,94.99,medium,low,9,name.com,,,21/09/2026 15:52
464cd701-ff31-441a-ad8d-836ee9830fd9,boyne.baby,available,17.99,54.99,medium,low,5,namesilo,,,22/09/2026 14:51
2ad0ebe0-b415-46e0-8620-ae4084aaea45,wrote.baby,available,17.99,54.99,medium,low,5,namesilo,,,
4b792bc4-8c53-4b96-be71-8fea80646ae6,gleaming.baby,available,1.8,81.98,high,low,8,namecheap,,,
92e307f8-78f5-4628-a05a-ba88785c76be,dna.baby,resell,,,high,medium,3,1API GmbH,05/04/2019 03:27,05/04/2027 23:59,26/09/2026 05:37
1dde517a-eb53-47f6-bfca-82fa7aaaa6ab,seared.baby,available,1.8,81.98,medium,low,6,namecheap,,,10/09/2026 00:52
84efedf8-00a9-4f22-a235-f4ba4b472ad1,petty.baby,available,1.8,81.98,high,low,5,namecheap,,,24/09/2026 17:49
e360e3fb-5bc0-46de-ae88-4d819b431e07,charily.baby,available,1.8,81.98,medium,low,7,namecheap,,,14/09/2026 06:17
b7e80767-c0eb-456a-b1c3-6800cfe086f2,precast.baby,available,1.8,81.98,high,low,7,namecheap,,,16/09/2026 01:12
666fcbb9-4d4b-4eb7-afb4-6ef42caa5141,dogwalking.baby,available,1.8,81.98,high,low,10,namecheap,,,18/09/2026 19:10
7eab3bc5-b308-465c-8ec5-530da8e08c05,cacophonic.baby,available,1.8,81.98,low,low,10,namecheap,,,11/08/2026 12:33
44f41880-1868-4ca2-8558-8d96e5f7fb76,medial.baby,available,1.8,81.98,high,low,6,namecheap,,,24/08/2026 18:51
a25488c0-776a-4009-a018-9a13946404e7,supports.baby,available,17.99,54.99,high,low,8,namesilo,,,17/09/2026 06:20
7e5345dc-01d6-438c-a927-56e2de1faa09,pictorials.baby,available,17.99,54.99,medium,low,10,namesilo,,,20/09/2026 12:53
51c31c43-f82c-4577-b932-ee4b6821f6f1,calhoun.baby,available,17.99,54.99,medium,low,7,namesilo,,,27/09/2026 03:19
0bc9f465-99bf-4f72-a963-29636da56961,bionomics.baby,available,1.8,81.98,medium,low,9,namecheap,,,23/09/2026 18:43
0f4b3607-297d-42e6-83ea-cf9f790d56d8,necromancy.baby,available,17.99,54.99,medium,low,10,namesilo,,,23/09/2026 23:53
442fc1c4-914d-4b50-a5a8-68071793a5bc,hit.baby,resell,,,high,high,3,"Spaceship, Inc.",14/03/2026 21:56,14/03/2027 23:59,26/09/2026 06:40
0f61b948-f739-4fd8-a26f-6857ef3be256,whop.baby,available,17.99,54.99,high,low,4,namesilo,,,22/09/2026 10:29
34dbc78f-111d-4153-9b22-01d49d1219f4,explorer.baby,available,29.99,,high,low,8,name.com,,,
a199acf8-7a71-4679-82cf-abf9d001cc3a,fable.baby,resell,,,high,low,5,Dynadot Inc,30/01/2026 06:40,30/01/2027 23:59,26/09/2026 05:59
b3022abf-c4ae-45ab-89aa-e64086d22a86,seventh.baby,available,1.8,81.98,high,low,7,namecheap,,,
47230258-e26f-444f-938f-348084d4c733,manners.baby,available,17.99,54.99,high,low,7,namesilo,,,27/09/2026 04:41
1c67bb54-0be7-45c7-b8a9-4c4a6561c091,detour.baby,available,17.99,54.99,high,low,6,namesilo,,,
45e6aac3-0406-49f9-b68f-fa9abf4d394c,gala.baby,available,1.8,81.98,high,low,4,namecheap,,,25/09/2026 10:25
0eabe26a-e8ac-4448-aaf1-dc058071dc85,address.baby,available,1.8,81.98,high,low,7,namecheap,,,24/09/2026 02:37
9b26c1d5-4743-4286-a781-90a56785916c,malayan.baby,available,1.8,81.98,high,low,7,namecheap,,,24/08/2026 13:44
fc938753-5e86-47a0-a8a9-79d24f2f376d,enclothe.baby,available,1.8,81.98,medium,low,8,namecheap,,,19/09/2026 19:54
047bd576-5f1a-4eda-b453-6768b73ac2e8,stooping.baby,available,1.8,81.98,medium,low,8,namecheap,,,21/08/2026 15:34
6d2fb8bf-e829-46e8-9a74-1cf889a738c6,aglet.baby,available,1.8,81.98,medium,low,5,namecheap,,,17/09/2026 18:21
ffa34641-3f9a-4409-8a23-37070a732cab,cloistered.baby,available,1.8,81.98,medium,low,10,namecheap,,,12/08/2026 11:48
4fcdc0d1-7749-4c76-896f-19576befbd5f,adhd.baby,available,17.99,54.99,high,medium,4,namesilo,,,17/09/2026 06:35
81050c75-4d60-4628-ad86-d3e59cca43bd,scenes.baby,available,17.99,54.99,medium,low,6,namesilo,,,18/09/2026 15:27
a8c9c1c1-74f1-41fb-8653-94f1de58981b,situation.baby,available,17.99,54.99,high,low,9,namesilo,,,
cb68a97a-e21e-4877-8c70-2f88030baec6,frustrated.baby,available,17.99,54.99,medium,low,10,namesilo,,,24/09/2026 10:57
d525b831-5152-4701-90ef-97d435ae85b1,restriction.baby,available,17.99,54.99,high,low,11,namesilo,,,
fbe0c6d2-01e3-49c2-b2a3-937feac4ebdc,cxl.baby,available,,,high,low,3,,,,
ee5b6bc9-4546-4526-bf7f-cabc0e54d02a,labored.baby,available,1.8,81.98,medium,low,7,namecheap,,,22/08/2026 17:34
f287c55c-1d12-4831-b6d7-c31e6479ca2c,whistle.baby,available,1.8,81.98,high,low,7,namecheap,,,25/09/2026 23:59
14fc5c9f-da59-4596-a8fa-906235025bdd,reduce.baby,available,17.99,54.99,high,low,6,namesilo,,,24/09/2026 08:28
7e5d1fa9-af70-4426-afb0-b38cbf062411,hindustani.baby,available,1.8,81.98,medium,low,10,namecheap,,,21/08/2026 09:35
fc3f014e-2948-4dd6-bd7f-3191cd08b6f7,poison.baby,available,1.8,81.98,high,low,6,namecheap,,,11/09/2026 18:25
e011e1aa-305c-4c6e-9b05-945cdce232f5,uniformed.baby,available,1.8,81.98,high,low,9,namecheap,,,12/09/2026 12:57
3f1f8d27-b6c8-4023-bf7b-2e0883350d6a,ironically.baby,available,1.8,81.98,medium,low,10,namecheap,,,15/09/2026 09:24
f1280751-8fe4-4ce9-a224-98262a36c336,cattleman.baby,available,17.99,54.99,high,low,9,namesilo,,,23/09/2026 00:40
e173efad-ad8d-47e0-8f1f-f6a1781a8c0c,braw.baby,available,1.8,81.98,medium,low,4,namecheap,,,11/08/2026 02:45
a7be9c7f-96d4-4e5c-8a4d-01aa719083be,beldam.baby,available,17.99,54.99,medium,low,6,namesilo,,,23/09/2026 04:45
1f3cb2e2-30bd-4624-b98c-6d03079eef09,scheming.baby,available,1.8,81.98,medium,low,8,namecheap,,,11/08/2026 14:03
2556501c-d6b9-46d8-844b-ca06d56249e1,graph.baby,available,29.99,,high,low,5,name.com,,,
a38fac5f-0628-4241-bcee-4f6a18b45bb4,anthidium.baby,available,17.99,54.99,medium,low,9,namesilo,,,19/09/2026 13:22
c7bac1aa-8a2a-49ec-b895-fb9d21fc33ea,hereafter.baby,available,1.8,81.98,high,low,9,namecheap,,,18/08/2026 19:10
19551329-62ef-4eb6-94e8-01f93bed30d4,moments.baby,resell,,,medium,low,7,"GoDaddy.com, LLC",21/07/2025 07:11,21/07/2027 23:59,26/09/2026 07:36
7166d157-0aad-4bac-ba90-08d580644d21,asperity.baby,available,17.99,54.99,medium,low,8,namesilo,,,20/09/2026 14:51
77ace537-6ccf-4525-89b3-05639ded8786,tinkling.baby,available,1.8,81.98,medium,low,8,namecheap,,,11/09/2026 16:13
2201c5f4-5903-4389-8eba-cca1f840b7cd,eurasian.baby,available,1.8,81.98,high,low,8,namecheap,,,17/08/2026 14:26
b463ebdd-1a55-47a5-9f7e-fcff1a96fbd4,endemic.baby,available,1.8,81.98,high,low,7,namecheap,,,07/08/2026 19:26
04e609a5-096e-4f6d-a74f-a2a58fe2d794,drives.baby,available,17.99,54.99,medium,low,6,namesilo,,,25/09/2026 17:24
90a3669a-dcb8-41e3-b83f-5198316b0d60,glassed.baby,available,1.8,81.98,medium,low,7,namecheap,,,20/08/2026 14:07
eb9a66a9-1217-4138-8663-270c5277658a,eudaemonic.baby,available,1.8,81.98,medium,low,10,namecheap,,,17/08/2026 14:10
289e6b5c-2570-4050-9cf1-5cc671c61f12,secret.baby,resell,,,high,medium,6,Dynadot Inc,11/09/2026 21:12,11/09/2027 23:59,26/09/2026 08:53
8bd223a5-489f-4610-b52e-4e117aee6204,cliquish.baby,available,1.8,81.98,medium,low,8,namecheap,,,12/08/2026 11:17
9c476d64-2488-4c67-bbed-c5f0310f518d,vincible.baby,available,1.8,81.98,medium,low,8,namecheap,,,09/08/2026 05:42
99c3cf50-51cb-4c82-80e0-c4a31f56c4c4,pyogenic.baby,available,1.8,81.98,high,medium,8,namecheap,,,09/09/2026 06:54
d0418116-8773-4b42-a2da-b270964405a3,makes.baby,available,17.99,54.99,high,low,5,namesilo,,,16/09/2026 09:30
5bc19ff4-afbe-4c74-8a60-0ba3801ef5cf,ontop.baby,available,1.8,81.98,medium,low,6,namecheap,,,16/09/2026 09:10
366fafaf-6651-4f45-9f47-3180f3d2717e,abls.baby,available,17.99,54.99,medium,low,4,namesilo,,,16/09/2026 16:13
2eef5119-9986-47be-96f5-ba89a38b760b,tragicomic.baby,available,1.8,81.98,medium,low,10,namecheap,,,11/09/2026 18:46
e48dddc2-f35b-4905-a1e8-b62631034a64,tyro.baby,available,17.99,54.99,high,low,4,namesilo,,,23/09/2026 02:27
a5ac9c9f-0795-4e95-a6aa-5effa0d22c9b,singsong.baby,available,1.8,81.98,high,low,8,namecheap,,,12/08/2026 02:09
4462dbb7-b562-4389-9231-6d4cb2b8da6d,licenced.baby,available,17.99,54.99,medium,low,8,namesilo,,,21/09/2026 15:56
0421ae54-2af0-4d79-8c30-ef44f76e4538,converted.baby,available,17.99,54.99,high,low,9,namesilo,,,23/09/2026 00:43
eb2718b9-b398-4b83-be5e-556dea5e8010,sunbaked.baby,available,1.8,81.98,medium,low,8,namecheap,,,
7320ddd4-592d-498b-b002-6017ff76e1a6,pops.baby,available,17.99,54.99,high,low,4,namesilo,,,18/09/2026 21:55
9251c1b1-ebd2-4ab1-96e7-64067ce577ad,benzine.baby,available,17.99,54.99,high,low,7,namesilo,,,23/09/2026 08:53
9ee5e52b-57eb-4e5c-8c0d-8d10296fe865,contemplation.baby,available,17.99,54.99,high,low,13,namesilo,,,16/09/2026 21:40
10ee6e30-c948-425c-a95e-5ab228cb822e,heterodyne.baby,available,1.8,81.98,medium,low,10,namecheap,,,21/08/2026 07:29
ff1dae3e-2d22-4d55-958f-b4e4cf9c19b8,ethically.baby,available,1.8,81.98,high,low,9,namecheap,,,14/09/2026 16:20
3bd0a1b4-d594-4955-a5e3-8654d94585d5,salable.baby,available,1.8,81.98,high,medium,7,namecheap,,,09/09/2026 20:50
21456d4d-f49c-4fef-b88c-e606e56b301e,closure.baby,available,17.99,54.99,high,low,7,namesilo,,,24/09/2026 15:56
f03a9f93-e9e7-46d7-a940-210009592b96,vapourish.baby,available,1.8,81.98,medium,low,9,namecheap,,,13/09/2026 01:13
02c0d523-3e3a-4b6b-ba45-02a97bd1228f,arriver.baby,available,1.8,81.98,high,low,7,namecheap,,,20/09/2026 09:16
3b7c7dc3-46bf-483f-b0c7-d8b30894372f,ignore.baby,available,17.99,54.99,high,low,6,namesilo,,,
913bb609-5cc5-46e3-844f-47e6192506a5,bast.baby,available,17.99,54.99,medium,low,4,namesilo,,,22/09/2026 12:38
5a3df957-8af9-4b2c-9e20-6d9399af3e1c,barony.baby,available,17.99,54.99,medium,low,6,namesilo,,,22/09/2026 07:36
233e99a4-08e1-40bd-bd73-cbd7d441d0de,tunas.baby,available,17.99,54.99,medium,low,5,namesilo,,,19/09/2026 22:09
2f7eb099-63bd-452a-8eda-01cbe7d1a8ad,inane.baby,available,1.8,81.98,medium,low,5,namecheap,,,07/08/2026 02:43
8f2c30bb-d5cd-485a-a14f-81604e6348d8,roughish.baby,available,1.8,81.98,high,medium,8,namecheap,,,09/09/2026 19:01
ed592c73-6080-4ca1-9b60-866fb13deae0,trustee.baby,available,1.8,81.98,high,medium,7,namecheap,,,09/09/2026 12:53
b5dec11e-134c-4111-b1d9-114923b287c5,stemmed.baby,available,1.8,81.98,high,low,7,namecheap,,,11/08/2026 22:33
78445e47-ad3b-4892-9036-dfd8ad8e7f75,casual.baby,available,1.8,81.98,high,low,6,namecheap,,,23/09/2026 13:14
1c252679-a574-4526-ab84-827d6b2479fc,hereabouts.baby,available,1.8,81.98,medium,low,10,namecheap,,,15/09/2026 00:20
886ad901-cd90-46cf-b490-761e70ac6d40,milk.baby,resell,,,high,low,4,Dynadot Inc,13/02/2026 01:26,13/02/2027 23:59,26/09/2026 07:33
2f928a4d-7916-488d-a835-90b070e68f1b,complexity.baby,available,1.8,81.98,high,low,10,namecheap,,,24/09/2026 16:49
15340c81-aa23-4b50-bd70-a12968dabe9c,provencal.baby,available,1.8,81.98,medium,low,9,namecheap,,,09/09/2026 04:28
7b0f924d-11ff-45cd-8657-517be9966a0b,umpire.baby,available,17.99,54.99,medium,low,6,namesilo,,,20/09/2026 00:47
06967fa8-4908-49f3-894e-dd05d0212709,workfare.baby,available,17.99,54.99,high,low,8,namesilo,,,
ea5eda83-8de6-48cf-8ea4-bd1e6fda7cc5,skulls.baby,available,17.99,54.99,medium,low,6,namesilo,,,20/09/2026 10:31
9ce13d0f-3f05-4686-b5ee-137732dc0d4d,lossless.baby,available,1.8,81.98,medium,low,8,namecheap,,,24/08/2026 09:56
1bd475b7-5186-421b-8e5b-5dee02c309fa,assembling.baby,available,1.8,81.98,high,low,10,namecheap,,,20/09/2026 16:08
44f2e25b-7a88-45a0-9688-ce94ac577d8c,depress.baby,available,17.99,54.99,high,low,7,namesilo,,,
655b5d01-55e8-40c3-ac05-3526d21c5e4b,brutal.baby,resell,,,medium,low,6,"Spaceship, Inc.",08/07/2026 08:56,08/07/2027 23:59,26/09/2026 04:38
5deb1a0b-a679-4204-a436-fbd821d74100,berra.baby,available,17.99,54.99,medium,low,5,namesilo,,,23/09/2026 10:04
620f304a-9050-43f7-9db4-5993b6c9c6e2,voting.baby,premium,242,53.92,high,low,6,namesilo,,,
f2769fa9-34f8-4e0a-bda8-631d34af117c,dixon.baby,available,17.99,54.99,medium,low,5,namesilo,,,25/09/2026 17:44
b61b7a5b-c4c9-490d-969b-8f3edba0d6c5,punitive.baby,available,1.8,81.98,high,medium,8,namecheap,,,09/09/2026 06:02
4635d6e2-8a45-4cae-81e3-e8d990af7afc,infallible.baby,available,1.8,81.98,high,low,10,namecheap,,,22/08/2026 04:05
2091bf45-e6d4-43f3-a0c6-ba1b2217b85e,debate.baby,available,17.99,54.99,high,low,6,namesilo,,,24/09/2026 05:29
4a68bd41-aff8-450a-85d8-aeb6ed790828,impress.baby,available,17.99,54.99,high,low,7,namesilo,,,
7559743a-49fc-46b1-8aa3-72ce5862484c,firing.baby,available,17.99,54.99,high,low,6,namesilo,,,27/09/2026 03:58
914a4eb5-d7d1-4f53-880b-93677823f762,midautumn.baby,available,17.99,54.99,high,low,9,namesilo,,,17/09/2026 10:02
65ae1d88-77e6-4b2b-bbc9-9d4c2c86e88c,protective.baby,available,17.99,54.99,high,low,10,namesilo,,,27/09/2026 07:44
056b05cf-e119-43a9-8281-3b84c5d676b1,stiff.baby,available,1.8,81.98,medium,low,5,namecheap,,,09/08/2026 16:54
d687918b-a3ca-4f42-8b0e-1b1fcfe313cf,generously.baby,available,1.8,81.98,high,low,10,namecheap,,,14/09/2026 21:14
5ea45ccd-36df-4936-a672-55e9418c30ba,incorrect.baby,available,17.99,54.99,high,low,9,namesilo,,,25/09/2026 08:08
171c6990-b9d9-4792-8762-d44e4560e256,marathon.baby,available,1.8,81.98,high,low,8,namecheap,,,22/09/2026 15:29
c9528c61-3173-4319-8e33-ee66021134f0,floating.baby,available,1.8,81.98,high,low,8,namecheap,,,14/08/2026 19:14
b0f83e76-b7e9-4e95-bd20-6dc5cbcd8814,vaguely.baby,available,29.99,94.99,medium,low,7,name.com,,,16/09/2026 10:34
bfd7366a-6dd2-459d-8790-16b968a2215a,threescore.baby,available,1.8,81.98,medium,low,10,namecheap,,,
78e1df64-f30f-415a-ab92-b0c84f8d59a1,arguably.baby,available,1.8,81.98,medium,low,8,namecheap,,,13/09/2026 20:45
d4d9661b-1ee7-4994-9df5-177a9567a295,hundreds.baby,available,1.8,81.98,medium,low,8,namecheap,,,25/09/2026 20:33
7ad66354-8bf9-47bc-975d-d9f14f6c3afc,world.baby,premium,625,,high,medium,5,name.com,,,
45f2d578-8f6e-49ce-a024-2c94e4fa5a5a,redundant.baby,available,1.8,81.98,medium,low,9,namecheap,,,17/08/2026 16:08
be331b1b-7a43-43f2-9cd6-2277bdd3434a,coltsfoot.baby,available,17.99,54.99,medium,low,9,namesilo,,,23/09/2026 01:58
71e8abb1-b066-4589-8d84-0e5856ec074f,littler.baby,available,1.8,81.98,medium,low,7,namecheap,,,24/08/2026 07:33
9785568f-b4d5-4681-a232-a868602ac467,thick.baby,available,17.99,54.99,high,low,5,namesilo,,,22/09/2026 22:11
65dc2c85-2a4e-4fe8-9d87-f910d2f58202,archival.baby,available,1.8,81.98,high,low,8,namecheap,,,06/08/2026 15:53
91dd017a-70ae-4b0e-b744-f7ad41efdcb6,montagu.baby,available,17.99,54.99,medium,low,7,namesilo,,,20/09/2026 13:56
54e77852-2203-471c-b7e7-e686ab24fb3d,potted.baby,available,1.8,81.98,high,medium,6,namecheap,,,09/09/2026 00:50
17b70d11-bc8a-4efc-aac5-3296b653c387,advertisement.baby,available,17.99,54.99,high,low,13,namesilo,,,
ab711914-48f4-4a4e-82d9-b8b147ef6b18,unseeable.baby,available,1.8,81.98,medium,low,9,namecheap,,,22/08/2026 09:08
861bf132-9ff7-4557-ac7d-566928b317d0,multiple.baby,available,17.99,54.99,high,low,8,namesilo,,,25/09/2026 22:06
c096dea8-af3d-40b0-911b-7a0ba48f20b0,fifth.baby,available,1.8,81.98,high,low,5,namecheap,,,
d9946225-bace-4a1f-ad96-9cd2127f80f3,mortified.baby,available,1.8,81.98,medium,low,9,namecheap,,,18/08/2026 20:17
a9809096-1b67-411b-bf7f-66ef0699079b,sexual.baby,available,17.99,54.99,high,low,6,namesilo,,,
e27ea7c6-af27-4b99-a2a1-73ab447226f0,lexical.baby,available,1.8,81.98,high,low,7,namecheap,,,23/08/2026 00:42
8a70e44c-4fec-4298-9103-9e6c8812e8f0,appoint.baby,available,17.99,54.99,high,low,7,namesilo,,,
658f1651-bde0-4a8d-88b5-4f6514e832ff,nottingham.baby,available,17.99,54.99,high,low,10,namesilo,,,26/09/2026 00:49
4e036d68-65c4-4c1b-a6e1-1989563941ff,rockbound.baby,available,1.8,81.98,medium,low,9,namecheap,,,09/09/2026 18:10
1aea2aac-5c49-425b-b548-0edfefafc59f,ombu.baby,available,1.8,81.98,medium,low,4,namecheap,,,23/09/2026 05:53
2371c2b2-541e-4f59-964a-cb4f5c998626,entertain.baby,available,1.8,81.98,high,low,9,namecheap,,,24/09/2026 02:50
f7447adf-292e-48ae-8524-aa25064de7c5,mutilated.baby,available,1.8,81.98,medium,low,9,namecheap,,,24/08/2026 13:22
45eb3797-4607-4dbb-9bac-2c65e0fabca3,comparable.baby,available,17.99,54.99,high,low,10,namesilo,,,23/09/2026 16:34
89e74e31-0e13-4d5e-97d2-a447229dd89c,toupeed.baby,available,1.8,81.98,low,low,7,namecheap,,,11/09/2026 18:18
1e0013d5-0351-48fa-81b0-e84731541a41,dance.baby,resell,,,high,low,5,"Spaceship, Inc.",15/07/2026 20:53,15/07/2027 23:59,26/09/2026 05:24
2fe3fe9b-f144-48c2-9fe7-3d07b4350b3d,improvised.baby,available,1.8,81.98,high,low,10,namecheap,,,21/08/2026 23:19
0bb172ee-033c-41ea-bd9e-6827f88c31aa,guffaw.baby,available,1.8,81.98,high,low,6,namecheap,,,23/09/2026 06:41
ce70f502-f7ce-4f5f-8d04-adde2ba03295,prandial.baby,available,1.8,81.98,high,medium,8,namecheap,,,09/09/2026 01:04
257064c3-2bea-42dc-a3cf-e7e66c1dee73,somehow.baby,available,29.99,,high,low,7,name.com,,,
bcf06cdb-914b-400d-9049-512cff6b6242,libber.baby,available,1.8,81.98,medium,low,6,namecheap,,,18/08/2026 01:03
841219dc-b346-43aa-a730-19ecf1129d83,beet.baby,available,17.99,54.99,high,low,4,namesilo,,,23/09/2026 01:49
d55e5c46-3374-4b0b-a413-1ff5c6d4a645,infantile.baby,available,1.8,81.98,high,low,9,namecheap,,,12/08/2026 05:04
23cf2d6f-b5df-409a-b3d5-91afe60a53b6,obscurely.baby,available,1.8,81.98,medium,low,9,namecheap,,,15/09/2026 17:13
928b651d-e88e-49e6-8205-63b87fbd58ed,tunic.baby,available,17.99,54.99,high,low,5,namesilo,,,17/09/2026 10:34
ca3249e5-c686-4847-bbcd-28bc1dd63174,trite.baby,available,1.8,81.98,medium,low,5,namecheap,,,08/08/2026 11:19
c389df63-a66c-47d8-bf72-283208ec4723,awkward.baby,available,1.8,81.98,high,low,7,namecheap,,,22/09/2026 15:31
acc8c08d-86bf-4e6b-aa9e-f135590f7734,arista.baby,available,17.99,54.99,high,high,6,namesilo,,,20/09/2026 05:45
273480b5-3969-4a37-91af-60a87cd2b43b,abjurer.baby,available,17.99,54.99,medium,low,7,namesilo,,,16/09/2026 16:02
f50f85b6-6a81-4fd1-8190-aede2ea8ab01,uniformly.baby,available,17.99,54.99,medium,low,9,namesilo,,,16/09/2026 10:05
c6cadb8f-5ead-453a-8a74-2b9476760512,rippled.baby,available,1.8,81.98,medium,low,7,namecheap,,,13/08/2026 06:53
35d6cca2-ea9e-45f7-acf1-c20d662c8b27,hoard.baby,available,1.8,81.98,medium,low,5,namecheap,,,12/08/2026 16:57
c2ebbeca-35c9-434b-b7a2-83c59f9b3349,hydraulic.baby,available,1.8,81.98,high,low,9,namecheap,,,21/08/2026 16:17
7e438847-f925-4db6-83c3-3c09018942eb,continually.baby,available,17.99,54.99,medium,low,11,namesilo,,,
8144056b-057b-4269-b1e9-77f800f55b49,babysitter.baby,available,17.99,54.99,high,low,10,namesilo,,,21/09/2026 13:10
c3828aea-1a30-4e58-b37e-5f8c21e92d18,anomaly.baby,available,17.99,54.99,high,low,7,namesilo,,,19/09/2026 11:28
2f416bc5-d0a6-43f8-9072-cb8ab495c956,kidnapped.baby,available,17.99,54.99,medium,low,9,namesilo,,,27/09/2026 03:07
f8fad27b-1324-4a93-a457-c1f38ce1821a,rhombic.baby,available,1.8,81.98,medium,low,7,namecheap,,,09/09/2026 16:43
0ef14feb-3a11-4dd1-9321-c09468e1a5ec,disappear.baby,available,17.99,54.99,high,low,9,namesilo,,,27/09/2026 05:58
4efa20f1-6977-4c97-b322-38917c280de8,startup.baby,resell,,,high,medium,7,Dynadot Inc,04/02/2026 18:14,04/02/2027 23:59,26/09/2026 09:16
cd6a0b34-2907-4661-b118-0d20643ba216,pectoralis.baby,available,1.8,81.98,medium,low,10,namecheap,,,08/09/2026 12:06
cc2ab3bb-5973-4ac9-843f-a019ce22c117,whopping.baby,available,1.8,81.98,high,low,8,namecheap,,,08/08/2026 13:14
e9cee65e-7adc-41be-afe1-3230f9a03f88,talk.baby,resell,,,high,low,4,"GoDaddy.com, LLC",03/02/2022 11:39,03/02/2032 23:59,26/09/2026 09:30
b8bded4a-94e8-48d6-80aa-8d747ce3bc11,pawpaw.baby,available,17.99,54.99,high,low,6,namesilo,,,20/09/2026 14:11
4214d76d-762b-4246-a5ed-e38fe5830db9,temperate.baby,available,1.8,81.98,high,low,9,namecheap,,,11/09/2026 10:48
876366ce-fefd-4905-a2b1-a15595398000,aromatic.baby,available,1.8,81.98,high,low,8,namecheap,,,22/09/2026 08:02
6d405a85-8405-4965-a626-4e702b3031ef,unedited.baby,available,1.8,81.98,medium,low,8,namecheap,,,12/09/2026 08:51
cd6a90b7-7f14-4623-8b1d-d8a64d67d4df,trifle.baby,available,1.8,81.98,high,low,6,namecheap,,,13/09/2026 08:07
4bc132c7-5395-4b43-ac34-9dc5e239300b,flapjack.baby,available,17.99,54.99,high,low,8,namesilo,,,22/09/2026 14:32
568e7135-aa9b-46fe-a89d-2ca4cda0c509,goddamn.baby,available,1.8,81.98,medium,low,7,namecheap,,,10/08/2026 12:46
0f3f1227-2e06-4151-930b-0ac1a568eadd,punitory.baby,available,1.8,81.98,high,medium,8,namecheap,,,09/09/2026 06:03
483b3ff7-2a3e-461f-b19d-897a7acd9e06,motivate.baby,available,17.99,54.99,high,low,8,namesilo,,,27/09/2026 07:34
c94ac045-84ad-4375-af92-b07bb5564b78,stony.baby,available,1.8,81.98,medium,low,5,namecheap,,,10/08/2026 21:45
ef061b9b-4fda-44eb-aaf8-ca6c1e0644c3,sib.baby,available,1.8,81.98,medium,low,3,namecheap,,,12/08/2026 15:48
f4085f8d-71c2-46e3-9056-311e85d0dd6a,illative.baby,available,1.8,81.98,medium,low,8,namecheap,,,21/08/2026 19:47
94ee1032-9d2c-4420-8516-26ca8c4ff74a,wagon.baby,available,17.99,54.99,high,low,5,namesilo,,,
8e874c5f-c68a-4bc2-8e7f-e6949e3fe2a6,dank.baby,available,1.8,81.98,high,low,4,namecheap,,,12/08/2026 09:24
1bdcd9cb-f6a2-4a16-8dea-3146139cffe5,negotiate.baby,available,17.99,54.99,high,low,9,namesilo,,,
92e40d50-b44c-4142-ac75-bdf9d39452bb,affixed.baby,available,1.8,81.98,medium,low,7,namecheap,,,
2852749b-8c59-4edb-b625-67e76e65c279,heavenly.baby,resell,,,high,low,8,"Spaceship, Inc.",30/06/2026 10:57,30/06/2027 23:59,26/09/2026 06:37
dd47805e-5f40-43be-8c59-d55c2217085f,farmers.baby,available,17.99,54.99,high,medium,7,namesilo,,,18/09/2026 07:06
eadccd81-a136-4a82-96fb-e0ae3b866e29,alzheimers.baby,available,17.99,54.99,medium,low,10,namesilo,,,18/09/2026 15:29
994eec8b-ec6b-4646-99ce-17b1cc2fd407,stairs.baby,available,17.99,54.99,high,low,6,namesilo,,,
aa833225-0d32-40fb-beb0-4113b3873a9a,apathetic.baby,available,1.8,81.98,medium,low,9,namecheap,,,05/08/2026 22:04
83b5199e-d277-404d-87d8-b3c0a6c35e6d,epistemic.baby,available,1.8,81.98,medium,low,9,namecheap,,,17/08/2026 11:13
55d1e113-6ff1-4543-92a8-ea644557c8a0,unearned.baby,available,1.8,81.98,medium,low,8,namecheap,,,12/09/2026 08:43
076ec67a-2337-4da3-9417-64abc977d035,videogames.baby,available,17.99,54.99,medium,low,11,namesilo,,,23/09/2026 20:46
d4c3f856-d3e6-4d00-a2b4-80b9b234086f,viewer.baby,available,17.99,54.99,high,low,6,namesilo,,,
7ceda6e3-823b-43c8-b8c0-c0ee9170a963,amnesic.baby,available,1.8,81.98,medium,low,7,namecheap,,,
a2efeefc-738c-4bdc-889d-608402737c0c,attenuator.baby,available,17.99,54.99,medium,low,10,namesilo,,,21/09/2026 01:34
b433fa2a-03b1-4112-9a66-7b187c5b845b,barycenter.baby,available,1.8,81.98,medium,low,10,namecheap,,,22/09/2026 09:39
770faa8c-894e-4cd4-8e3f-c49ae63993c8,riled.baby,available,1.8,81.98,medium,low,5,namecheap,,,
53fad6b0-6cb1-4980-82de-14c70d9b245a,movie.baby,resell,,,high,low,5,"Spaceship, Inc.",20/12/2025 20:50,20/12/2026 23:59,26/09/2026 07:40
0d117190-1d8c-44fb-9cc6-d4bc889c522c,bane.baby,available,17.99,54.99,medium,low,4,namesilo,,,22/09/2026 01:39
769c33f2-8ae6-46ae-9d42-3cd432a9dd3f,faux.baby,available,1.8,81.98,high,low,4,namecheap,,,18/08/2026 00:12
fd19bc86-8f94-44c3-aa43-ded4ae65b7dd,reset.baby,available,17.99,54.99,high,medium,5,namesilo,,,
559e0385-94bd-43f9-b9de-9b7db57349dd,sarcasm.baby,available,1.8,81.98,high,low,7,namecheap,,,24/09/2026 13:16
becc4664-3cca-40db-a8f4-a5c7ee64c321,benefic.baby,available,1.8,81.98,medium,low,7,namecheap,,,09/08/2026 14:18
fdab5024-27d6-4521-a714-f867295791a6,doctorial.baby,available,1.8,81.98,medium,low,9,namecheap,,,14/08/2026 14:21
106664bc-8c52-4569-a0ab-0b102fb2cd6a,pith.baby,available,1.8,81.98,high,low,4,namecheap,,,14/09/2026 23:55
908f10e1-01a1-4f34-a67d-0d84a569d4d2,piles.baby,available,1.8,81.98,high,low,5,namecheap,,,14/09/2026 23:21
69727da0-56a0-4026-bc55-655f854abc57,bathroom.baby,available,1.8,81.98,high,low,8,namecheap,,,27/09/2026 06:27
3b69449d-0138-4d26-9d4e-b4c11bf917e4,trump.baby,resell,,,high,medium,5,Dynadot Inc,31/01/2026 03:07,31/01/2027 23:59,26/09/2026 09:47
37fcd6d8-fa3f-4f9c-a0f4-0ca0972da640,gettable.baby,available,1.8,81.98,medium,low,8,namecheap,,,18/08/2026 23:02
de4b55eb-29f2-4afc-8961-d1bb296926f0,klaus.baby,available,17.99,54.99,high,low,5,namesilo,,,27/09/2026 01:38
7623dbb8-0d67-4647-9d96-3c6c166d1f63,mannish.baby,available,1.8,81.98,medium,low,7,namecheap,,,24/08/2026 15:22
9e2e3ed0-1cb9-4300-9acf-ba5411f7d7ae,windmills.baby,available,17.99,54.99,medium,low,9,namesilo,,,20/09/2026 13:55
4cfa2d18-98f6-4c2a-896f-43768e41eba7,vocative.baby,available,1.8,81.98,medium,low,8,namecheap,,,13/09/2026 06:31
7b81d8e6-4fd8-41b0-a481-0f8412a577bf,acquittal.baby,available,1.8,81.98,high,low,9,namecheap,,,17/09/2026 02:42
ea3a3865-2a67-444d-aea4-45e94eea1035,atelier.baby,available,17.99,54.99,high,medium,7,namesilo,,,20/09/2026 11:53
8c315abb-f67d-48f1-9de5-c9ee8d6358b8,arthurian.baby,available,1.8,81.98,medium,low,9,namecheap,,,06/08/2026 23:21
152bfbbf-bde1-4f63-bed9-c18f393b1e1f,loopy.baby,available,1.8,81.98,medium,low,5,namecheap,,,06/08/2026 21:22
38c151fb-9ec6-444b-bc93-93ac9f3ba670,tragic.baby,available,17.99,54.99,high,low,6,namesilo,,,
14f73773-d484-4f56-9073-4ab43bfceacb,blind.baby,available,17.99,54.99,high,low,5,namesilo,,,22/09/2026 21:56
f1a78eb4-1ddc-49f0-a98d-57ffdd35efbe,acuate.baby,available,1.8,81.98,medium,low,6,namecheap,,,
953bff16-6ae9-4a3d-a018-a2213fba788b,hothead.baby,available,29.99,94.99,medium,low,7,name.com,,,13/08/2026 17:45
96ff2c8d-539b-4302-9d04-1f719bb6a9d6,silicious.baby,available,1.8,81.98,high,medium,9,namecheap,,,10/09/2026 08:08
c34ffc2b-bc26-4b7d-9d80-f2b78075a268,provinces.baby,available,17.99,54.99,medium,low,9,namesilo,,,18/09/2026 15:35
0d150c6d-591c-4da2-b1ca-2461e70767fc,wulfila.baby,available,17.99,54.99,medium,low,7,namesilo,,,23/09/2026 21:57
1d2a2fd5-8ccc-4ce6-9114-c259dd51d575,plutonium.baby,available,1.8,81.98,high,low,9,namecheap,,,21/09/2026 00:12
1364195c-367d-4202-9c9f-6253d0eaf581,bloomfield.baby,available,17.99,54.99,high,low,10,namesilo,,,25/09/2026 21:57
c1ad839b-5218-4b2f-8ce4-5e3848cb81bd,exterior.baby,available,1.8,81.98,high,low,8,namecheap,,,17/08/2026 19:05
18bef544-78f4-4e61-95e6-f9ee28949081,scrambled.baby,available,1.8,81.98,high,low,9,namecheap,,,09/09/2026 23:46
115c600d-a061-4f92-a420-4622f8f04def,unreadable.baby,available,1.8,81.98,medium,low,10,namecheap,,,22/08/2026 02:25
801d7585-fe1f-467f-b5ba-5b91020b5539,tidily.baby,available,1.8,81.98,medium,low,6,namecheap,,,16/09/2026 09:05
ee62971c-9082-44f5-af6a-25fcbebddc09,savory.baby,available,1.8,81.98,high,low,6,namecheap,,,25/08/2026 08:48
0522c528-aa93-4aeb-be5f-53f6e6e53beb,seeping.baby,available,1.8,81.98,medium,low,7,namecheap,,,04/09/2026 15:36
a025b552-58bd-40cf-9c1b-335321a04fd0,adynamic.baby,available,1.8,81.98,medium,low,8,namecheap,,,
754da6b9-83ab-419a-9ea6-2e77f7601052,skimmed.baby,available,1.8,81.98,medium,low,7,namecheap,,,10/09/2026 09:34
59bd7696-51cc-4c7a-82d1-bc7ea5a36b10,austrian.baby,available,17.99,54.99,high,low,8,namesilo,,,22/09/2026 13:38
3916d041-fdd4-4a69-9ef3-11adf0b518d5,lemony.baby,available,1.8,81.98,high,low,6,namecheap,,,22/08/2026 23:24
68b7c86e-2443-4570-a4bc-831b03861508,offhand.baby,available,1.8,81.98,high,low,7,namecheap,,,
1753d064-1289-4520-9dcf-f48c15f092f8,alta.baby,available,17.99,54.99,high,low,4,namesilo,,,25/09/2026 13:59
34b6bc6b-62d3-4aad-be28-7a06dd281e3a,creates.baby,available,17.99,54.99,medium,low,7,namesilo,,,25/09/2026 23:26
6b4de8ff-1f9e-42ec-b6ee-58e9ee797e68,terms.baby,available,17.99,54.99,high,low,5,namesilo,,,
3ed67448-19d8-4275-988c-b77a666c8188,manchurian.baby,available,1.8,81.98,high,low,10,namecheap,,,24/08/2026 14:34
35fe0e4b-33bc-458c-a447-fa4e5ca57299,fatally.baby,available,1.8,81.98,medium,low,7,namecheap,,,14/09/2026 17:51
8bb48965-7790-4d90-b01c-63eaf28d9df4,doggo.baby,available,1.8,81.98,high,low,5,namecheap,,,14/09/2026 13:35
f2c19eae-7ade-4601-b776-45b0b9dc5112,nifty.baby,available,1.8,81.98,high,low,5,namecheap,,,08/08/2026 12:38
8f886ae3-7018-4b94-a8d6-edc568821413,dialectal.baby,available,1.8,81.98,medium,low,9,namecheap,,,14/08/2026 05:48
19397941-cdea-461c-a0d0-e5bf61b50465,empowering.baby,available,17.99,54.99,high,low,10,namesilo,,,
a59722ed-4ffc-47a0-bf40-2e0c84b2372c,rossi.baby,available,17.99,54.99,high,low,5,namesilo,,,27/09/2026 01:41
65af5f32-7f6f-4dc8-9ef5-e4dbc05a0d94,napoleonic.baby,available,1.8,81.98,medium,low,10,namecheap,,,03/09/2026 13:00
8aeac708-7351-4dbe-9c19-e2412d781ee6,ponderable.baby,available,1.8,81.98,medium,low,10,namecheap,,,12/08/2026 15:42
65eb5eb3-6d8b-4eb2-b995-9d6f295e539c,lois.baby,available,17.99,54.99,medium,low,4,namesilo,,,25/09/2026 15:30
dce9949a-730c-48e5-8708-8ed16c887b9e,dyslexic.baby,available,1.8,81.98,medium,low,8,namecheap,,,14/08/2026 22:03
af7f6252-f612-4ac3-825b-0a2e328177b1,macon.baby,available,1.8,81.98,high,low,5,namecheap,,,27/09/2026 04:39
c31f06f3-7e0e-443d-a4a4-837883c25e71,zygomatic.baby,available,1.8,81.98,high,low,9,namecheap,,,13/09/2026 15:39
83056557-97dd-44ce-bda9-524c882a6e48,presenter.baby,available,17.99,54.99,high,low,9,namesilo,,,23/09/2026 10:46
a0e52395-b286-4d63-ba23-890b0a4f5366,scag.baby,available,17.99,54.99,medium,low,4,namesilo,,,23/09/2026 14:40
d2839639-8783-42e7-9c65-10c634bec808,braces.baby,available,17.99,54.99,high,low,6,namesilo,,,24/09/2026 07:52
659e7e38-3a61-4de9-adc0-d239af3b948d,abrupt.baby,available,1.8,81.98,high,low,6,namecheap,,,
bee4f99e-f8fa-4b4d-8536-de2b76f0e101,bookish.baby,available,1.8,81.98,high,low,7,namecheap,,,10/08/2026 19:09
a9a48e2f-4514-48d4-88fc-13c0e4485355,truncheon.baby,available,17.99,54.99,medium,low,9,namesilo,,,23/09/2026 16:38
372b6687-773f-4e11-9730-df3b1fb2cd62,cent.baby,available,1.8,81.98,high,low,4,namecheap,,,08/09/2026 08:07
7decb998-4cf7-4fb2-9a6f-14e0785fad0e,says.baby,available,1.8,81.98,medium,low,4,namecheap,,,
a44c023a-11db-41f0-a4c9-f5d6ba7f3353,caffeine.baby,available,17.99,54.99,high,low,8,namesilo,,,24/09/2026 11:38
637f904f-98f8-45c3-b750-50079d9924cd,diva.baby,available,1.8,81.98,high,low,4,namecheap,,,25/09/2026 09:28
8027152a-b212-4704-b0b8-a9f3b5b5aab6,roses.baby,available,1.8,81.98,high,low,5,namecheap,,,17/09/2026 21:17
4ed05ae2-3956-4203-bd3b-4aab1c56ceed,saami.baby,available,1.8,81.98,high,medium,5,namecheap,,,09/09/2026 21:07
cde96947-4f69-4a49-bee9-ce18dfdb91c3,upended.baby,available,1.8,81.98,medium,low,7,namecheap,,,12/09/2026 23:06
8fcb34ae-dd13-46d7-97f6-4756b07108f6,streetfighter.baby,available,29.99,,medium,low,14,name.com,,,
a5b56651-d807-43e7-a5e9-62fe361b7845,chagrined.baby,available,1.8,81.98,medium,low,9,namecheap,,,
01c60f6c-4383-43fa-9fc0-e394990674c4,gibe.baby,available,17.99,54.99,medium,low,4,namesilo,,,22/09/2026 04:17
f5b4b8be-0a3b-4578-bdee-5cf90dee216e,folks.baby,available,17.99,54.99,high,low,5,namesilo,,,24/09/2026 16:34
e6e21c7e-09b1-49e5-8484-47867f2b3f71,stonewalls.baby,available,17.99,54.99,low,low,10,namesilo,,,20/09/2026 14:03
ac6c686d-f16c-4e76-8417-cba41336f46e,tucked.baby,available,1.8,81.98,high,low,6,namecheap,,,11/09/2026 21:02
bf3aff34-bfe9-476a-a9bb-f1817229c969,fees.baby,available,17.99,54.99,high,low,4,namesilo,,,
48cc0685-aa4b-4584-a3c6-1d384952b7d7,dastard.baby,available,29.99,94.99,medium,low,7,name.com,,,13/08/2026 18:32
d2bfa032-bcda-4722-8b1a-f215d7f6df51,auricula.baby,available,17.99,54.99,medium,low,8,namesilo,,,21/09/2026 04:20
c374f63c-dca8-42d6-aaf5-1f422fbc00ec,hunted.baby,available,1.8,81.98,high,low,6,namecheap,,,21/08/2026 15:43
7710a146-8b5a-4dd1-ac26-85b03ff6e311,maxilla.baby,available,1.8,81.98,medium,low,7,namecheap,,,24/08/2026 17:52
9209e7c9-6b83-4f3d-b31c-03c271553e61,diploma.baby,available,17.99,54.99,high,low,7,namesilo,,,
d2b52ea1-c161-428e-831e-8f6d6c140e92,sperm.baby,available,17.99,54.99,high,low,5,namesilo,,,25/09/2026 14:14
b172d903-89f4-4860-831c-29bfd10d4da0,smetana.baby,available,17.99,54.99,medium,low,7,namesilo,,,22/09/2026 23:32
2ac757a4-33b4-4fa4-8c87-d6ae99511f0c,count.baby,available,17.99,54.99,high,low,5,namesilo,,,25/09/2026 23:32
2a6f84ee-3e18-4e82-bf17-2a67f82eb81b,moistly.baby,available,1.8,81.98,low,low,7,namecheap,,,14/09/2026 10:31
c372785d-5815-4270-ac90-a9f2b4713d6e,berkshire.baby,available,17.99,54.99,high,low,9,namesilo,,,23/09/2026 09:33
4f0cca98-9747-4d97-8c95-91ed13718175,terminus.baby,available,1.8,81.98,high,low,8,namecheap,,,11/09/2026 11:48
4bd0412f-805f-4a05-bee3-b96a8b7465ec,exaggerate.baby,available,17.99,54.99,high,low,10,namesilo,,,
6fca27a6-0794-45de-a823-5576bcb40e20,middleton.baby,available,17.99,54.99,high,low,9,namesilo,,,25/09/2026 09:23
3e7a939f-37cf-45cc-816c-70d5b3868f1a,tomboyish.baby,available,1.8,81.98,medium,low,9,namecheap,,,21/08/2026 14:32
1c0efedd-6a41-4798-93c0-d83c7bb8595d,father.baby,available,17.99,54.99,high,low,6,namesilo,,,25/09/2026 09:56
c751019f-93dd-474a-9897-f51edef074a3,heard.baby,available,17.99,54.99,high,low,5,namesilo,,,24/09/2026 23:38
184add30-066a-45b6-87c6-2a7eb8e8c8f4,brecht.baby,available,17.99,54.99,high,low,6,namesilo,,,23/09/2026 10:18
1451e5f0-3659-4233-a728-d8fc14013fbf,milled.baby,available,1.8,81.98,medium,low,6,namecheap,,,24/08/2026 23:08
a0f3e21d-c0fa-4598-b4b9-9c8281b30128,off.baby,available,17.99,54.99,high,low,3,namesilo,,,22/09/2026 14:54
676c55eb-eebe-49e2-9ac2-b7bafcc5f4bb,senses.baby,available,17.99,54.99,high,low,6,namesilo,,,
06d6c911-7ed4-49df-9f8d-9909f834a2c1,lips.baby,available,29.99,,high,low,4,name.com,,,
2dcc67fa-3162-4da7-bcae-4f536b1c942a,tactful.baby,available,1.8,81.98,high,low,7,namecheap,,,22/08/2026 15:49
20edb8e3-6ca4-4172-b8d6-ddf544aafe5f,loiter.baby,available,1.8,81.98,medium,low,6,namecheap,,,11/09/2026 08:23
e12daf19-17f5-48c4-b0b7-4f619cd56c20,voter.baby,available,17.99,54.99,high,low,5,namesilo,,,
95bd7bc2-6789-4911-b276-cfb0e49d5b56,ternion.baby,available,1.8,81.98,medium,low,7,namecheap,,,
5de89a02-5725-4574-9a91-539072f0e81e,churning.baby,available,1.8,81.98,high,low,8,namecheap,,,12/08/2026 07:51
55df2c83-6e56-4248-b202-cbfcc518f18c,instinct.baby,available,1.8,81.98,high,medium,8,namecheap,,,22/08/2026 07:36
052d5eb7-583d-4f93-8ec5-6c64d8444a6c,clarion.baby,available,1.8,81.98,high,low,7,namecheap,,,12/08/2026 09:38
a053a16e-9c4a-4307-8cd9-44758c113d35,amaze.baby,available,17.99,54.99,high,low,5,namesilo,,,21/09/2026 17:36
347d7d22-dadb-48d1-aa67-0eb7d3ce3dae,ciliary.baby,available,1.8,81.98,medium,low,7,namecheap,,,12/08/2026 08:04
4c682be6-a7ae-4ed6-896e-bb3b6faca501,sleety.baby,available,1.8,81.98,medium,low,6,namecheap,,,10/09/2026 10:41
0740cea5-7496-4a6f-886a-c5002b51fb6b,impending.baby,available,1.8,81.98,high,low,9,namecheap,,,21/08/2026 20:59
35d30bff-640a-4c35-b53d-772670742f45,akka.baby,available,17.99,54.99,high,low,4,namesilo,,,16/09/2026 22:23
7b84af7c-d79e-4949-886c-72b1c5758b47,brennan.baby,available,17.99,54.99,high,low,7,namesilo,,,25/09/2026 21:53
5201d86f-33ae-4328-802f-792aa050b996,latter.baby,available,1.8,81.98,high,low,6,namecheap,,,25/09/2026 13:08
69eff82e-7629-4f9d-8462-2cc40008d13e,inviolable.baby,available,1.8,81.98,medium,low,10,namecheap,,,21/08/2026 23:02
46561e0d-c579-4630-af2b-aa4aa87605f6,grabbed.baby,available,17.99,54.99,medium,low,7,namesilo,,,27/09/2026 03:19
7b910e46-3069-44d3-bbd1-04ad9fdb9b88,knotty.baby,available,1.8,81.98,medium,low,6,namecheap,,,08/08/2026 08:12
c02c020b-230c-4380-ae97-4b75a2cf542a,ash.baby,available,17.99,54.99,high,low,3,namesilo,,,24/09/2026 08:23
61568507-485f-42c7-83fd-0f24e39c48db,showcase.baby,available,17.99,54.99,high,low,8,namesilo,,,25/09/2026 14:00
ed6feb91-84aa-4f40-84bc-0d7aadf41852,bethel.baby,available,17.99,54.99,medium,low,6,namesilo,,,23/09/2026 11:13
9790cc40-6b07-4ee7-9abd-f03dea8d8f2a,pergola.baby,available,17.99,54.99,medium,low,7,namesilo,,,20/09/2026 01:00
aaecdd2a-5ad1-460f-92f8-099b2b6a2827,two.baby,resell,,,high,low,3,"GoDaddy.com, LLC",16/05/2026 08:38,16/05/2027 23:59,26/09/2026 09:49
449c002e-46e6-471e-811d-c212bbb74a7e,minus.baby,available,1.8,81.98,high,low,5,namecheap,,,25/08/2026 00:55
84664bf5-7e85-4ba5-a517-973a5d47809b,gamey.baby,available,1.8,81.98,medium,low,5,namecheap,,,18/08/2026 19:57
355bfc31-0cb9-4158-9202-9bc7d3c7db6c,storytellers.baby,available,17.99,54.99,high,low,12,namesilo,,,20/09/2026 12:55
fe5a5041-0d5d-444c-ad75-c5d1066ced7e,defining.baby,available,1.8,81.98,high,low,8,namecheap,,,10/09/2026 06:00
15aa5508-9408-40a4-afcb-4d9b802a9ee6,pentatonic.baby,available,1.8,81.98,medium,low,10,namecheap,,,08/09/2026 15:05
ca5b1d00-a20b-4f09-8d3c-8629fac1bd0a,bishop.baby,available,17.99,54.99,high,low,6,namesilo,,,23/09/2026 21:47
92fc0843-b27c-494f-83e3-9f8d2374207d,bahreini.baby,available,1.8,81.98,medium,low,8,namecheap,,,08/08/2026 08:41
457f4602-799d-4822-a502-cf9b025880d7,invading.baby,available,1.8,81.98,medium,low,8,namecheap,,,22/08/2026 02:12
4b2ed3a5-b07f-485b-9159-2fe65d0f05e3,pls.baby,available,17.99,54.99,high,low,3,namesilo,,,
3bff523d-68e2-4a2a-9a9d-999072acbdb2,promissory.baby,available,1.8,81.98,medium,low,10,namecheap,,,09/09/2026 03:11
108c73c7-7d63-4c3a-97bb-52e15fe878ea,washes.baby,available,17.99,54.99,medium,low,6,namesilo,,,20/09/2026 04:54
e561635a-bbf6-4698-8ed8-f2301c06972f,musts.baby,available,17.99,54.99,medium,low,5,namesilo,,,19/09/2026 21:45
e8ec6dfd-ca75-4e98-ae21-cc02286817dd,redemptive.baby,available,1.8,81.98,high,medium,10,namecheap,,,09/09/2026 12:19
f4f5d55a-6e9d-4b84-a800-4dca50b6eabf,adscript.baby,available,,,medium,low,8,,,,
b88e44c7-7f14-4f60-a76d-9d98a31c615c,ametria.baby,available,1.8,81.98,medium,low,7,namecheap,,,18/09/2026 21:07
ed3f04ea-62b8-4f2b-b917-a7a226d66277,braised.baby,available,1.8,81.98,medium,low,7,namecheap,,,11/08/2026 01:55
e274ed03-9eec-40f3-b6c1-8f749a42cacb,anecdotal.baby,available,1.8,81.98,high,low,9,namecheap,,,
053c5d05-f6dd-481d-987e-73ccd815fea1,blazer.baby,available,1.8,81.98,high,low,6,namecheap,,,24/09/2026 05:03
abc9bc1c-906e-42d3-8139-fd6c68638510,antitoxic.baby,available,1.8,81.98,medium,low,9,namecheap,,,05/08/2026 19:55
e25896bc-4f09-4b99-b3a1-105a341f7102,barbarous.baby,available,1.8,81.98,medium,low,9,namecheap,,,08/08/2026 15:40
e834f20e-e93a-4b10-99a8-26cab7fb57ab,swimsuits.baby,available,17.99,54.99,medium,low,9,namesilo,,,18/09/2026 15:44
2d0a4e10-55cd-48bc-8431-87a76c5c704f,ted.baby,available,29.99,,high,low,3,name.com,,,
488076e8-9342-4301-8574-8c04bae546e9,failing.baby,available,1.8,81.98,medium,low,7,namecheap,,,17/08/2026 20:44
8bc61324-cfbe-40d5-91cf-2e262877b330,pokey.baby,available,1.8,81.98,medium,low,5,namecheap,,,14/08/2026 07:36
86b0ad2d-1c04-4666-b557-86246888f268,rational.baby,available,1.8,81.98,high,low,8,namecheap,,,22/08/2026 07:50
40ff91fb-34da-4010-b711-c4c57b5c6092,ingredient.baby,available,17.99,54.99,high,low,10,namesilo,,,24/09/2026 16:51
b1e087de-93b9-4d6a-aab3-316641446867,reject.baby,available,1.8,81.98,high,low,6,namecheap,,,24/09/2026 20:15
e607e5dd-1e83-47ff-a589-d7f5f20e1982,candescent.baby,available,1.8,81.98,medium,low,10,namecheap,,,11/08/2026 16:39
98b7113e-6aae-4ba7-b45f-896c05ccdecf,reflexed.baby,available,1.8,81.98,high,medium,8,namecheap,,,09/09/2026 12:41
ee599be9-7a29-455f-bfab-20cc034e42e2,retinal.baby,available,1.8,81.98,high,low,7,namecheap,,,09/09/2026 15:37
12464b63-b514-4646-bbca-87bbae2c4871,unvented.baby,available,1.8,81.98,low,low,8,namecheap,,,12/09/2026 22:11
03ada116-06dd-4128-8f04-ec3ce28c5b01,forced.baby,available,1.8,81.98,high,low,6,namecheap,,,23/09/2026 21:10
31ce2389-aeca-4d32-a609-8bd9c97c2079,poet.baby,available,17.99,54.99,high,low,4,namesilo,,,27/09/2026 05:01
fa44dd8d-9d0b-4555-b587-2f92bee60255,gidgee.baby,available,1.8,81.98,medium,low,6,namecheap,,,16/09/2026 20:01
e1879370-f89a-45de-9a1d-34306bc707c9,georg.baby,available,17.99,54.99,high,low,5,namesilo,,,25/09/2026 17:31
8632aa51-3679-435a-939b-0892b8910a12,parcel.baby,available,17.99,54.99,high,low,6,namesilo,,,24/09/2026 11:15
8e0fd94b-2768-4bc7-a605-a641f792a9f4,fatah.baby,available,17.99,54.99,medium,low,5,namesilo,,,18/09/2026 00:27
f2a15fb6-9561-44a7-870f-819e1481e5cf,wrenching.baby,available,1.8,81.98,medium,low,9,namecheap,,,09/09/2026 09:27
6cb749e8-ee95-4ea6-af7f-a82b2811fe75,addressed.baby,available,1.8,81.98,high,low,9,namecheap,,,
a8e5e82b-e0cb-4142-b7dd-f771ebe5172e,sirens.baby,available,17.99,54.99,medium,low,6,namesilo,,,21/09/2026 02:34
d9b26b46-a42c-4a07-a956-a19f94ccad93,amphora.baby,available,17.99,54.99,high,low,7,namesilo,,,18/09/2026 23:34
28b06948-58be-4c74-bd27-4c333dcc9ba7,aphorism.baby,available,1.8,81.98,high,low,8,namecheap,,,19/09/2026 17:09
cf705cf8-5b71-44f3-afc6-8b08db9ca330,thong.baby,available,17.99,54.99,high,low,5,namesilo,,,
df0f03a1-bb66-4c1e-891e-79437e4a76aa,seething.baby,available,1.8,81.98,medium,low,8,namecheap,,,10/09/2026 01:49
da13264b-0bfd-4800-8fa1-94171cefe83e,lockbox.baby,available,17.99,54.99,high,low,7,namesilo,,,
7c79a7f1-fb77-4760-aaf2-24a348b1b3f0,limestone.baby,available,17.99,54.99,high,low,9,namesilo,,,
2cd34350-a8e5-41f8-b07d-88207c9bb417,spent.baby,available,1.8,81.98,medium,low,5,namecheap,,,14/08/2026 14:53
2ef87089-03de-47a1-992b-84d87ebdca76,protozoon.baby,available,1.8,81.98,medium,low,9,namecheap,,,09/09/2026 04:16
cd5e77c6-5f75-47cb-b9c9-ffdc56360e7c,ovoid.baby,available,1.8,81.98,medium,low,5,namecheap,,,15/08/2026 18:50
2750a1ba-c340-463c-aa8a-699b470cc508,asphodel.baby,available,17.99,54.99,medium,low,8,namesilo,,,20/09/2026 15:08
67507cfd-08ba-4a32-a0d4-ece938fbb9ad,squawky.baby,available,1.8,81.98,low,low,7,namecheap,,,11/08/2026 12:26
b41ba2bc-4bab-4c02-a305-275671e3480a,usual.baby,available,17.99,54.99,high,low,5,namesilo,,,
ce18bcd0-26e3-42d1-b3e7-6e678f1d4668,shorthand.baby,available,1.8,81.98,high,medium,9,namecheap,,,10/09/2026 06:49
bf0e0453-e438-49fe-8f5a-335636ee3f1f,kat.baby,available,17.99,54.99,high,low,3,namesilo,,,17/09/2026 15:23
6f7ae74d-d5c0-46f9-81f1-c982999bad55,ironical.baby,available,1.8,81.98,medium,low,8,namecheap,,,22/08/2026 10:06
4d97d814-369f-4cb4-9371-acf55e57243e,brash.baby,available,1.8,81.98,medium,low,5,namecheap,,,11/08/2026 02:25
d7d942ba-2f16-4d4b-b2f7-4122a596bfe9,laurels.baby,available,1.8,81.98,high,low,7,namecheap,,,16/09/2026 22:48
26a74084-32a8-4a08-a2b2-364113fecc73,poolside.baby,available,17.99,54.99,high,low,8,namesilo,,,
9410d710-79f0-4346-a145-afe7ab6ec3f4,hostelry.baby,available,29.99,94.99,medium,low,8,name.com,,,21/09/2026 02:26
51186236-3bfc-4214-93cf-a23c29adffd5,stanch.baby,available,1.8,81.98,medium,low,6,namecheap,,,10/09/2026 19:26
f9306864-3709-4e23-969b-4aae2ca3f072,bail.baby,available,1.8,81.98,high,low,4,namecheap,,,21/09/2026 18:59
b9fdd407-81b6-4be2-a125-1e7b6e9c258d,benjamin.baby,resell,,,high,low,8,Dynadot Inc,18/07/2026 02:39,18/07/2027 23:59,26/09/2026 04:22
cecadf89-448c-469c-85f8-2ffbad9a8570,visual.baby,available,1.8,81.98,high,low,6,namecheap,,,19/09/2026 17:59
ccd1a38f-fc4f-4cb2-9d85-1025c71efd64,solely.baby,available,1.8,81.98,high,low,6,namecheap,,,
a301bea3-69a1-4f5d-afdd-71dc6b6d8b07,estranged.baby,available,1.8,81.98,medium,low,9,namecheap,,,17/08/2026 13:30
a94443b6-e5f4-4487-abc3-d4534e26229b,localised.baby,available,1.8,81.98,medium,low,9,namecheap,,,24/08/2026 08:47
f0846c47-193d-474e-9d86-0667f9ec3167,anorak.baby,available,17.99,54.99,high,low,6,namesilo,,,19/09/2026 11:41
3cbac9c1-acbd-4766-a62a-94beeeec0bde,hitless.baby,available,1.8,81.98,medium,low,7,namecheap,,,20/08/2026 15:56
e1802634-f7e6-44f6-8643-4daeb5c27e05,usually.baby,available,17.99,54.99,high,low,7,namesilo,,,
9ebb1f2a-fb22-4021-a3ab-45eea10ce121,peachy.baby,available,1.8,81.98,high,low,6,namecheap,,,08/08/2026 12:41
1eeb240b-9f97-4de2-ad87-77f88e398fe6,maternally.baby,available,1.8,81.98,high,low,10,namecheap,,,25/08/2026 07:10
cd74c7ba-eb3c-422d-9c51-5224ae834024,savage.baby,available,1.8,81.98,high,low,6,namecheap,,,08/08/2026 15:36
006eac91-1ff3-48d4-9b91-bb190a170f31,defraud.baby,available,1.8,81.98,medium,low,7,namecheap,,,14/09/2026 08:02
6c42fb14-1910-4088-9d47-ae4142365fc9,roamer.baby,available,1.8,81.98,high,low,6,namecheap,,,23/09/2026 20:14
26d04a5c-f293-4b74-af17-312dc70ec2c3,neighborly.baby,available,1.8,81.98,high,low,10,namecheap,,,03/09/2026 15:16
47435c68-3369-4838-9d3b-e3bc666140e0,bearish.baby,available,1.8,81.98,medium,low,7,namecheap,,,09/08/2026 04:48
47f46e87-5655-4549-ad1e-218f0c61cfc3,legs.baby,available,17.99,54.99,high,low,4,namesilo,,,
1ef71d2d-7c6d-4d1c-a4bc-94edbe75b86f,glowing.baby,available,1.8,81.98,high,low,7,namecheap,,,20/08/2026 15:08
e9fa4925-f520-4747-b779-7628e3ea68fd,glasses.baby,available,17.99,54.99,high,low,7,namesilo,,,
72d2215a-88d7-4b20-ae9b-cd0fbf24284f,abusive.baby,available,1.8,81.98,medium,low,7,namecheap,,,
b75bb46b-424c-4bc5-9147-407b5a2cfbf4,recipient.baby,available,17.99,54.99,high,low,9,namesilo,,,
e396e823-d7af-481c-8912-763f4c047308,cosmetic.baby,available,17.99,54.99,high,low,8,namesilo,,,24/09/2026 00:13
e326f4be-280a-4468-9755-ee3f6667a788,again.baby,available,17.99,54.99,high,low,5,namesilo,,,
a0bfd1d0-29bb-4463-93ae-d71d700a63c7,wordless.baby,available,1.8,81.98,high,low,8,namecheap,,,03/09/2026 11:53
4a4e8b75-ec45-4e90-a09c-07af71e44f95,capitalist.baby,available,1.8,81.98,high,low,10,namecheap,,,11/08/2026 17:55
d7ec20e4-ba33-4bd8-981c-ad26693e182d,scapular.baby,available,1.8,81.98,medium,low,8,namecheap,,,09/09/2026 22:51
1070aafb-14d2-4c68-aa8a-90837342b193,frowning.baby,available,1.8,81.98,medium,low,8,namecheap,,,18/08/2026 16:40
0a868679-b796-4ca0-ba3e-666ab2eccfd1,terrific.baby,available,17.99,54.99,high,low,8,namesilo,,,25/09/2026 00:17
f11b0d90-48c8-4807-b5f2-22b2b157066a,tons.baby,available,29.99,,high,low,4,name.com,,,
68bbb28b-86f5-423f-9eb4-ddcaa54ebb23,toiling.baby,available,1.8,81.98,medium,low,7,namecheap,,,14/08/2026 20:00
0f20a104-3edd-4021-a1df-95e3786e436f,uncover.baby,available,17.99,54.99,high,low,7,namesilo,,,
51605cd8-e65c-4554-af02-91512992d938,arcus.baby,available,17.99,54.99,high,low,5,namesilo,,,20/09/2026 03:02
d3f33153-088c-40c2-952d-335ec703ec82,jackie.baby,available,17.99,54.99,high,low,6,namesilo,,,25/09/2026 13:22
b1c93bd4-54f5-49b1-a60b-9d83b170355a,believable.baby,available,1.8,81.98,medium,low,10,namecheap,,,09/08/2026 13:01
1e9dde34-ba54-4894-91f6-6f18373d250d,baltimore.baby,available,17.99,54.99,high,low,9,namesilo,,,22/09/2026 00:19
82ce059a-b2b2-476f-912d-8f080f0cad92,pennies.baby,available,17.99,54.99,medium,low,7,namesilo,,,
39d8b0f2-2797-49b3-8ef9-ea76311ac962,uncial.baby,available,1.8,81.98,medium,low,6,namecheap,,,12/09/2026 05:10
81809385-6b26-4750-865e-cd5c025c32b8,huddled.baby,available,1.8,81.98,medium,low,7,namecheap,,,21/08/2026 14:34
bda1a2e7-1e63-43dc-82db-62d055d2c25d,finished.baby,available,1.8,81.98,high,low,8,namecheap,,,24/09/2026 18:27
745c1cec-41f2-417a-9999-bc298b587768,behalf.baby,available,17.99,54.99,high,low,6,namesilo,,,23/09/2026 03:04
481eabf9-f857-4263-b0b5-81df8201f8e2,censor.baby,available,1.8,81.98,high,low,6,namecheap,,,22/09/2026 00:43
ac3a439a-4995-4160-a4b2-1d94b9c943a4,weave.baby,available,29.99,,high,low,5,name.com,,,
f82c40f3-b639-49e1-8e5e-89b78ea3375f,ranging.baby,available,1.8,81.98,high,medium,7,namecheap,,,09/09/2026 10:16
ddaee926-093c-483d-b6f9-49f76d7b83b5,yearly.baby,available,17.99,54.99,high,low,6,namesilo,,,
169f6de4-7863-4db3-b2e1-43a01be4c16c,brickle.baby,available,1.8,81.98,medium,low,7,namecheap,,,11/08/2026 03:49
830373fa-a1a0-4709-a7a9-0fcb36a7093d,kirkland.baby,available,17.99,54.99,high,high,8,namesilo,,,
97f648dc-1c52-486c-bce0-9ced52d16c39,friedrich.baby,available,1.8,81.98,high,low,9,namecheap,,,25/09/2026 18:50
835b7022-0b3d-402b-8520-6e2e826a6d3b,pusher.baby,available,17.99,54.99,high,low,6,namesilo,,,21/09/2026 13:22
71035700-334e-4729-bd09-b43138930cb2,coed.baby,available,1.8,81.98,medium,low,5,namecheap,,,12/08/2026 13:16
faa2a3c9-c362-4e01-b08a-452802f26f9f,sleeveless.baby,available,1.8,81.98,high,low,10,namecheap,,,10/08/2026 19:41
13d0748f-be7d-417c-8e32-14067c33b5ec,unbacked.baby,available,1.8,81.98,high,medium,8,namecheap,,,10/09/2026 08:27
f06cc594-66b7-474c-bc53-5a9308d25858,weekend.baby,available,17.99,54.99,high,low,7,namesilo,,,26/09/2026 00:30
b025a493-9f35-4728-8902-a4033f6b8374,batter.baby,available,17.99,54.99,high,low,6,namesilo,,,22/09/2026 14:16
1eb0890f-7a89-45c6-8c3b-34cbd0100344,joyously.baby,available,1.8,81.98,high,low,8,namecheap,,,14/09/2026 21:30
3e2d9136-ed7a-4fc8-86ce-d2d34917e63d,placoid.baby,available,1.8,81.98,high,medium,7,namecheap,,,08/09/2026 20:16
6a919570-e16d-405b-b357-d27c79d52bbc,bedpost.baby,available,17.99,54.99,high,low,7,namesilo,,,22/09/2026 23:29
c3ac07b1-26eb-4bd1-8684-10041b869fe8,chose.baby,available,17.99,54.99,high,low,5,namesilo,,,
98f7239e-aeaf-488d-9b1f-44e7818ddbd0,character.baby,available,17.99,54.99,high,low,9,namesilo,,,24/09/2026 13:45
0bf552f4-aa56-467d-bae5-de7bd8051f1a,ritenuto.baby,available,1.8,81.98,high,medium,8,namecheap,,,09/09/2026 09:55
2be144fc-d080-40ae-9c78-fd40521ea664,chefs.baby,available,1.8,81.98,high,low,5,namecheap,,,20/09/2026 18:01
e49f7121-f758-48e1-8c5f-e77abd1c0db4,redness.baby,available,1.8,81.98,high,medium,7,namecheap,,,09/09/2026 12:08
e2ab2080-4f36-4558-a584-d6a9269a85b0,albacore.baby,available,1.8,81.98,high,low,8,namecheap,,,18/09/2026 02:20
d08eaf03-c1d0-4edb-b97c-1bb971e0b607,lii.baby,available,1.8,81.98,high,low,3,namecheap,,,
de3f8272-5b4c-47d3-a230-3b26fc302ebf,slaveless.baby,available,1.8,81.98,medium,low,9,namecheap,,,18/08/2026 14:44
250e6b40-de2d-49c8-adf1-e1354f6b8ac5,deprave.baby,available,1.8,81.98,medium,low,7,namecheap,,,13/08/2026 02:24
cb07f31c-a781-4b35-b997-9bf50013f9ab,hazard.baby,available,17.99,54.99,medium,low,6,namesilo,,,
7d0720c9-57a8-45ce-befa-b40c736e30a9,optionally.baby,available,17.99,54.99,high,low,10,namesilo,,,
1e1f2011-00dc-454b-8206-93624c984501,panamanian.baby,available,1.8,81.98,high,low,10,namecheap,,,05/09/2026 00:34
354de647-9bb8-47d8-805b-f64fb1360d20,evening.baby,available,17.99,54.99,high,low,7,namesilo,,,24/09/2026 15:27
d95f99c1-7935-4fe5-9763-482f63c1ce6a,disturb.baby,available,17.99,54.99,high,low,7,namesilo,,,
31f47b8c-8959-4485-b4f0-a1643b60e997,baksheesh.baby,available,17.99,54.99,medium,low,9,namesilo,,,21/09/2026 15:52
69e747bf-bc44-4121-88f7-60c959325e76,dazzling.baby,resell,,,high,low,8,"GoDaddy.com, LLC",03/07/2026 10:36,03/07/2027 23:59,26/09/2026 05:26
e5be611b-ddcd-4448-ba27-d808290164f7,staged.baby,available,1.8,81.98,high,low,6,namecheap,,,10/09/2026 18:02
875a5986-76cd-41ee-b290-7ad93b36b8cd,birdsong.baby,available,1.8,81.98,high,low,8,namecheap,,,23/09/2026 20:37
d9e1b749-2738-4787-a9aa-bc063029f229,vibrant.baby,available,1.8,81.98,high,low,7,namecheap,,,13/09/2026 05:05
bffe4030-a87c-43d4-96ba-0bb29fff53f4,drive.baby,resell,,,high,medium,5,"Spaceship, Inc.",17/02/2026 14:15,17/02/2027 23:59,26/09/2026 05:41
67070cc5-47f1-4bf8-b00e-62540dcd0899,cuttable.baby,available,1.8,81.98,medium,low,8,namecheap,,,12/08/2026 04:30
cd4fcd4b-80d3-4250-97f7-9e945f3b7fe5,restricted.baby,available,29.99,,high,low,10,name.com,,,
9f69f9dc-47ad-4a2a-8c8c-375b53de813f,donation.baby,available,17.99,54.99,high,low,8,namesilo,,,
e971445d-0a1a-4135-a46a-c0d3904f3105,cockpit.baby,available,17.99,54.99,high,low,7,namesilo,,,
c5121977-6bd3-471b-a109-d0a7fa7ff752,shackled.baby,available,1.8,81.98,medium,low,8,namecheap,,,18/08/2026 02:56
87c4b950-24f1-47f6-b49a-3de199562020,atheist.baby,available,17.99,54.99,medium,low,7,namesilo,,,22/09/2026 10:58
ffba1d3f-5a35-4a83-93ac-a45667b96c58,spiffing.baby,available,1.8,81.98,high,medium,8,namecheap,,,10/09/2026 15:35
b681ad74-1118-4715-a850-0e4bf8cb55a4,untwisted.baby,available,1.8,81.98,medium,low,9,namecheap,,,12/09/2026 21:56
0003e8af-270a-4a8e-949b-4b95ff188dcf,scentless.baby,available,1.8,81.98,medium,low,9,namecheap,,,09/09/2026 23:00
6417c1b3-bea0-4757-a519-8886ed57fa77,sneak.baby,available,17.99,54.99,high,low,5,namesilo,,,23/09/2026 12:44
28cde9c3-43df-418c-9ad2-78954f1e8cd6,sinkable.baby,available,1.8,81.98,high,medium,8,namecheap,,,10/09/2026 08:30
d1b43bf2-c2b3-4b12-ad30-bc514a4ec159,deputy.baby,available,17.99,54.99,high,low,6,namesilo,,,
00f7b031-743f-4818-a0f0-af2e3226089a,furred.baby,available,1.8,81.98,medium,low,6,namecheap,,,18/08/2026 18:52
3e79e596-fa67-485a-847f-9c588260e94b,runabout.baby,available,17.99,54.99,high,low,9,namesilo,,,
05d2e358-e627-42c7-a588-0920889567a9,tent.baby,available,1.8,81.98,high,low,4,namecheap,,,11/08/2026 15:59
ab4a5e03-ff1d-43b6-9536-ef39f1fc0e65,inherited.baby,available,1.8,81.98,high,low,9,namecheap,,,18/08/2026 21:33
8c178470-ef7f-422a-8f8a-2ec4bb018ee0,curie.baby,available,1.8,81.98,high,low,5,namecheap,,,12/08/2026 08:00
225c8277-1427-499a-b91d-5c5bed903efd,intersection.baby,available,29.99,,high,low,12,name.com,,,
b4f59094-e15e-472e-aef5-800f1aa8c77a,loyal.baby,available,17.99,54.99,high,low,5,namesilo,,,25/09/2026 15:30
8fde8888-0147-45b7-9249-8d1f40dc1c86,kidney.baby,available,17.99,54.99,high,low,6,namesilo,,,
9b330530-3e50-4d6a-a293-34f64999b6d5,exempt.baby,available,1.8,81.98,high,low,6,namecheap,,,17/08/2026 17:02
666a930e-0f0a-4499-bda7-73ee3b564689,asahikawa.baby,available,1.8,81.98,medium,low,9,namecheap,,,20/09/2026 12:44
04da43bf-0b71-44f4-8965-1ec50dd4be1c,neighbor.baby,available,17.99,54.99,high,low,8,namesilo,,,
f780c713-3223-448c-a50a-288b2941064d,greens.baby,available,29.99,,high,low,6,name.com,,,
f936f08d-198f-44d7-9280-a229eefed970,hectic.baby,available,1.8,81.98,high,low,6,namecheap,,,18/08/2026 03:09
3cc52bc0-de4a-4f4e-ab70-88f2d3a2c407,alcohols.baby,available,1.8,81.98,medium,low,8,namecheap,,,20/09/2026 18:31
cb9a0e0b-e812-4f10-a577-43a011b65863,military.baby,available,1.8,81.98,high,low,8,namecheap,,,25/09/2026 20:05
060e034a-8438-4be3-8a0a-31e59b3a037f,chic.baby,resell,,,high,low,4,"Spaceship, Inc.",16/07/2026 20:41,16/07/2027 23:59,26/09/2026 04:54
62e2e74f-50c7-4292-af4c-b0eaeb4907d0,filar.baby,available,1.8,81.98,medium,low,5,namecheap,,,18/08/2026 04:10
a06bf355-bc48-48fc-a38b-d325ed1ecebe,grid.baby,available,1.8,81.98,high,medium,4,namecheap,,,24/09/2026 17:52
ff93212f-6ef0-45d0-a65f-915f5d77d3d4,cycling.baby,available,1.8,81.98,high,low,7,namecheap,,,24/09/2026 20:45
9a327dcf-4009-48b3-8ff9-67b6b56d8412,xml.baby,available,1.8,81.98,medium,low,3,namecheap,,,27/09/2026 02:25
4f06dbc8-6162-4298-892a-05bdd8a41fb1,norman.baby,available,1.8,81.98,high,low,6,namecheap,,,03/09/2026 21:18
30e978be-f481-49b5-af1d-109b7c7ed8fd,riders.baby,available,17.99,54.99,high,low,6,namesilo,,,20/09/2026 01:20
1304baba-7647-42cc-8aca-a13d8a86888f,patrician.baby,available,1.8,81.98,medium,low,9,namecheap,,,06/08/2026 19:34
50e6068e-d29c-4881-b242-5cd5e2b939af,croatian.baby,available,1.8,81.98,high,low,8,namecheap,,,13/08/2026 07:32
bca61a60-0022-4256-8eb5-6326e33d7a95,photography.baby,resell,,,high,low,11,"Xiamen ChinaSource Internet Service Co., Ltd",29/11/2025 09:25,29/11/2026 23:59,27/09/2026 04:36
b93381de-663e-4363-b166-b0944ed487cc,propulsive.baby,available,1.8,81.98,high,low,10,namecheap,,,09/09/2026 03:32
051347e5-ab2e-4ddf-a8d3-c445f90ee7d4,observed.baby,available,17.99,54.99,high,low,8,namesilo,,,22/09/2026 09:25
16970c03-8be7-4e53-88f7-a9c31e2d1a14,gaslit.baby,available,17.99,54.99,medium,low,6,namesilo,,,17/09/2026 16:25
bbc253b9-3053-4da6-a043-907ae37ebad9,could.baby,available,29.99,,high,low,5,name.com,,,
ecea4b9a-2fa4-45d9-94d7-03775562eb8d,aperitif.baby,available,17.99,54.99,high,low,8,namesilo,,,19/09/2026 16:32
9971d91b-c63f-487c-b088-973455092585,decatur.baby,available,17.99,54.99,medium,low,7,namesilo,,,27/09/2026 03:44
94a4a0c0-96e1-498e-8f53-ac22a81f0e41,hipaa.baby,available,17.99,54.99,high,low,5,namesilo,,,
d67dbce2-9291-4f66-b770-ccf0a30e7439,disabling.baby,available,1.8,81.98,medium,low,9,namecheap,,,13/08/2026 07:09
4732c7d6-e0c7-4016-b45f-43dd42de528c,interwoven.baby,available,1.8,81.98,high,low,10,namecheap,,,22/08/2026 08:08
00137234-597c-4a04-90d5-7b3bfd2f0163,ontogeny.baby,available,1.8,81.98,high,low,8,namecheap,,,20/08/2026 20:29
ec641ccf-9838-4d1a-a29b-5d7f7b99401a,octad.baby,available,1.8,81.98,medium,low,5,namecheap,,,
58c8f235-1437-443b-84f7-103552cbd5c2,telly.baby,available,17.99,54.99,high,low,5,namesilo,,,24/09/2026 06:44
d4d3514e-f953-4237-9639-6b8b093b2f18,afternoon.baby,available,17.99,54.99,high,low,9,namesilo,,,
1cc5c9d9-57f6-4bdc-b91d-bcbbb4696997,behemoth.baby,available,1.8,81.98,high,low,8,namecheap,,,23/09/2026 03:24
13d55908-a522-4baa-9c9d-73349966efd5,placable.baby,available,1.8,81.98,high,medium,8,namecheap,,,08/09/2026 20:13
9db47052-64ad-49d0-9f68-ff3145a2bcd0,creature.baby,available,17.99,54.99,high,low,8,namesilo,,,22/09/2026 04:42
68c72a94-62ae-4440-86aa-ca6dae57dc20,doris.baby,available,17.99,54.99,high,low,5,namesilo,,,27/09/2026 03:46
6ec8713a-7f33-4023-8afc-87b6ecb04722,inhibited.baby,available,1.8,81.98,medium,low,9,namecheap,,,22/08/2026 05:07
116715a0-6f19-4563-aca1-f065388d4210,auklet.baby,available,1.8,81.98,medium,low,6,namecheap,,,21/09/2026 04:08
8a687d6f-ea3e-4cc4-8812-ef0921e59cac,razorbill.baby,available,17.99,54.99,medium,low,9,namesilo,,,18/09/2026 03:39
ff5c21c3-88a3-4f94-9d19-34f0f19fd1cb,uml.baby,available,17.99,54.99,high,low,3,namesilo,,,
6b1b4986-1be0-4670-a6bd-d367f2567ebb,accordion.baby,available,17.99,54.99,high,low,9,namesilo,,,16/09/2026 23:02
7ea842f8-6180-4b2f-b885-d2c1a22697d9,sheridan.baby,available,17.99,54.99,high,low,8,namesilo,,,25/09/2026 10:21
c4b2854c-7d7f-483c-a486-5422de8943b8,recessed.baby,available,1.8,81.98,medium,low,8,namecheap,,,13/08/2026 22:57
5ec28916-cdf6-416e-8a63-6bfb9a938c6d,digestive.baby,available,1.8,81.98,high,low,9,namecheap,,,24/08/2026 15:24
6d8f7399-4da8-4a69-a2a3-c702cfd6fbd4,announce.baby,available,1.8,81.98,high,low,8,namecheap,,,24/09/2026 08:21
47b46b9b-1439-4bdd-906c-5aefad78c609,usance.baby,available,1.8,81.98,medium,low,6,namecheap,,,13/08/2026 12:25
339491b1-d37a-441a-ae43-44dbe22def34,agile.baby,available,17.99,54.99,high,medium,5,namesilo,,,21/09/2026 23:00
dec1c252-7c18-41d5-b472-d07ada92dfea,factious.baby,available,1.8,81.98,medium,low,8,namecheap,,,14/08/2026 12:34
fab838e2-19fc-40f3-bda4-cf69abd623df,phosphorus.baby,available,17.99,54.99,medium,low,10,namesilo,,,20/09/2026 22:25
deeeeedd-1e8d-4abd-84c2-27811a5db740,coffeepots.baby,available,1.8,81.98,medium,low,10,namecheap,,,21/09/2026 00:56
5ef65161-5204-4282-b8e7-e439e2294cf4,somalian.baby,available,1.8,81.98,medium,low,8,namecheap,,,10/09/2026 13:56
a020d0ec-57bd-43e5-94b8-b2466f484f3a,caliber.baby,available,1.8,81.98,high,low,7,namecheap,,,24/09/2026 11:44
982719f4-077a-4b91-8b59-208b452f327d,anise.baby,available,29.99,94.99,high,low,5,name.com,,,19/09/2026 09:24
542d02b7-4191-4800-99b1-9e5abc5f42cb,ungrateful.baby,available,1.8,81.98,medium,low,10,namecheap,,,11/09/2026 12:26
03897d84-0fe6-4452-b0bb-ab823b1fa3fe,spiceberry.baby,available,17.99,54.99,medium,low,10,namesilo,,,20/09/2026 03:12
e54b5c88-0cff-4e92-89fd-ec110213e9c0,unsheared.baby,available,1.8,81.98,low,low,9,namecheap,,,12/09/2026 19:44
cde08a65-c2a6-4195-9740-e8c9ab060e40,behring.baby,available,17.99,54.99,high,low,7,namesilo,,,23/09/2026 04:03
37a8fa4f-193c-4a8b-adaf-0f835d12c051,wesleyan.baby,available,1.8,81.98,high,low,8,namecheap,,,24/08/2026 22:00
669383de-7725-4b8f-9233-649872ec93b2,bathe.baby,available,17.99,54.99,high,low,5,namesilo,,,24/09/2026 08:25
a75a512f-96f7-4684-a44b-02f0c4880212,honorable.baby,available,1.8,81.98,high,low,9,namecheap,,,21/08/2026 13:21
8f14fb56-fdf3-423f-82e8-0eafbf09eef8,burred.baby,available,1.8,81.98,medium,low,6,namecheap,,,08/08/2026 17:23
cf7d78c1-806d-4d4a-968e-6c8957a66b77,clickbait.baby,available,17.99,54.99,medium,low,9,namesilo,,,
9415b05c-a34a-4f9f-a8f1-f26a1d485d9d,digitiser.baby,available,17.99,54.99,high,low,9,namesilo,,,19/09/2026 01:52
8ce7450d-0c89-4b41-9269-6cd63c93b55c,mesmerized.baby,available,1.8,81.98,high,low,10,namecheap,,,17/08/2026 22:50
be3e7f70-3968-4c08-8695-9dd6690de066,biretta.baby,available,17.99,54.99,medium,low,7,namesilo,,,23/09/2026 10:06
a6fe0229-02b7-4b6a-853b-3511b4f91d60,azotic.baby,available,1.8,81.98,medium,low,6,namecheap,,,08/08/2026 02:53
8e04e68c-cb7d-47c5-8969-2bfe94f0b928,nix.baby,available,1.8,81.98,high,low,3,namecheap,,,03/09/2026 22:30
3117ca7c-8ccc-43ab-a9b6-af5403431060,annapolis.baby,available,1.8,81.98,high,low,9,namecheap,,,19/09/2026 10:10
2c134358-fe2f-4b60-b7a1-8de50db037d4,obvious.baby,available,17.99,54.99,high,low,7,namesilo,,,25/09/2026 23:50
4bfc1a0f-2cfd-46e6-91d3-10b8817bfacd,caper.baby,available,17.99,54.99,high,low,5,namesilo,,,22/09/2026 06:32
d8de7d4b-6704-41d8-b7dc-306ebc8247d4,overflow.baby,available,17.99,54.99,high,low,8,namesilo,,,
356d53d8-63da-4b7b-8bc1-b04c878ea14d,flavorless.baby,available,1.8,81.98,medium,low,10,namecheap,,,10/08/2026 12:57
b725c0de-7fd4-4085-bc8a-f61b8cffbc65,vitamins.baby,available,17.99,54.99,high,low,8,namesilo,,,19/09/2026 23:20
f80d543d-0d89-444e-9ff3-449e591cf311,defunct.baby,available,1.8,81.98,medium,low,7,namecheap,,,13/08/2026 23:55
358faf25-583f-42cc-b2db-3031818ceef7,quotidian.baby,available,1.8,81.98,medium,low,9,namecheap,,,17/08/2026 14:57
847880b2-4946-452e-adaa-32c6015f469b,bovine.baby,available,1.8,81.98,high,medium,6,namecheap,,,10/08/2026 22:51
11f1111b-0315-4100-b401-d615d68be67d,nonuple.baby,available,1.8,81.98,low,low,7,namecheap,,,03/09/2026 17:30
d010a881-8e3e-484e-b4c7-a22ad5743b3e,beguiling.baby,available,17.99,54.99,high,low,9,namesilo,,,22/09/2026 01:38
18133a5f-7787-4980-929d-247c39d3c323,achira.baby,available,17.99,54.99,medium,low,6,namesilo,,,17/09/2026 00:42
4d4e94b9-101b-4ee9-a326-bb0953b5ad96,hanger.baby,available,29.99,,high,low,6,name.com,,,
4eb4e2e9-1f0f-46ba-aad8-550c10c93c1e,cape.baby,available,17.99,54.99,high,low,4,namesilo,,,24/09/2026 12:14
773b95ec-5915-416b-b033-07c024b74039,diverted.baby,available,1.8,81.98,medium,low,8,namecheap,,,
997504f3-7a21-4935-aac8-7ef0c9b5e49d,diffident.baby,available,1.8,81.98,medium,low,9,namecheap,,,14/08/2026 07:01
7bfea316-e7b2-42d7-b3ec-9371c7dbbe9f,analecta.baby,available,17.99,54.99,medium,low,8,namesilo,,,19/09/2026 01:47
fcc71189-3d05-4c22-8482-358772a90479,favours.baby,available,1.8,81.98,medium,low,7,namecheap,,,17/09/2026 23:24
89cf2f8f-0ea7-4293-b740-ddcb822eade2,anuria.baby,available,17.99,54.99,medium,low,6,namesilo,,,19/09/2026 15:55
1cbcb62c-97cf-4e7c-bcfd-4d0be5552192,leggy.baby,available,1.8,81.98,medium,low,5,namecheap,,,22/08/2026 22:57
10504734-9c5f-49bf-8742-3b464400fb31,distinction.baby,available,17.99,54.99,high,low,11,namesilo,,,
4efdee14-0e5e-43cf-9622-19315d4a0789,texting.baby,available,17.99,54.99,high,low,7,namesilo,,,17/09/2026 10:22
1bf76db6-7df2-47a9-bb19-860080cebb66,tattler.baby,available,1.8,81.98,medium,low,7,namecheap,,,11/09/2026 10:30
e52fe8a7-7eb0-4d48-93b3-ff48fbe4ff8b,navel.baby,available,17.99,54.99,high,low,5,namesilo,,,23/09/2026 06:35